10248;VINET;1996-07-04 00:00:00.000;832
10249;TOMSP;1996-07-05 00:00:00.000;833
10250;HANAR;1996-07-08 00:00:00.000;834
10251;VICTE;1996-07-08 00:00:00.000;835
10252;SUPRD;1996-07-09 00:00:00.000;836
10253;HANAR;1996-07-10 00:00:00.000;837
10254;CHOPS;1996-07-11 00:00:00.000;838
10255;RICSU;1996-07-12 00:00:00.000;839
10256;WELLI;1996-07-15 00:00:00.000;840
10257;HILAA;1996-07-16 00:00:00.000;841
10258;ERNSH;1996-07-17 00:00:00.000;842
10259;CENTC;1996-07-18 00:00:00.000;843
10260;OTTIK;1996-07-19 00:00:00.000;844
10261;QUEDE;1996-07-19 00:00:00.000;845
10262;RATTC;1996-07-22 00:00:00.000;846
10263;ERNSH;1996-07-23 00:00:00.000;847
10264;FOLKO;1996-07-24 00:00:00.000;848
10265;BLONP;1996-07-25 00:00:00.000;849
10266;WARTH;1996-07-26 00:00:00.000;850
10267;FRANK;1996-07-29 00:00:00.000;851
10268;GROSR;1996-07-30 00:00:00.000;852
10269;WHITC;1996-07-31 00:00:00.000;853
10270;WARTH;1996-08-01 00:00:00.000;854
10271;SPLIR;1996-08-01 00:00:00.000;855
10272;RATTC;1996-08-02 00:00:00.000;856
10273;QUICK;1996-08-05 00:00:00.000;857
10274;VINET;1996-08-06 00:00:00.000;858
10275;MAGAA;1996-08-07 00:00:00.000;859
10276;TORTU;1996-08-08 00:00:00.000;860
10277;MORGK;1996-08-09 00:00:00.000;861
10278;BERGS;1996-08-12 00:00:00.000;862
10279;LEHMS;1996-08-13 00:00:00.000;863
10280;BERGS;1996-08-14 00:00:00.000;864
10281;ROMEY;1996-08-14 00:00:00.000;865
10282;ROMEY;1996-08-15 00:00:00.000;866
10283;LILAS;1996-08-16 00:00:00.000;867
10284;LEHMS;1996-08-19 00:00:00.000;868
10285;QUICK;1996-08-20 00:00:00.000;869
10286;QUICK;1996-08-21 00:00:00.000;870
10287;RICAR;1996-08-22 00:00:00.000;871
10288;REGGC;1996-08-23 00:00:00.000;872
10289;BSBEV;1996-08-26 00:00:00.000;873
10290;COMMI;1996-08-27 00:00:00.000;874
10291;QUEDE;1996-08-27 00:00:00.000;875
10292;TRADH;1996-08-28 00:00:00.000;876
10293;TORTU;1996-08-29 00:00:00.000;877
10294;RATTC;1996-08-30 00:00:00.000;878
10295;VINET;1996-09-02 00:00:00.000;879
10296;LILAS;1996-09-03 00:00:00.000;880
10297;BLONP;1996-09-04 00:00:00.000;881
10298;HUNGO;1996-09-05 00:00:00.000;882
10299;RICAR;1996-09-06 00:00:00.000;883
10300;MAGAA;1996-09-09 00:00:00.000;884
10301;WANDK;1996-09-09 00:00:00.000;885
10302;SUPRD;1996-09-10 00:00:00.000;886
10303;GODOS;1996-09-11 00:00:00.000;887
10304;TORTU;1996-09-12 00:00:00.000;888
10305;OLDWO;1996-09-13 00:00:00.000;889
10306;ROMEY;1996-09-16 00:00:00.000;890
10307;LONEP;1996-09-17 00:00:00.000;891
10308;ANATR;1996-09-18 00:00:00.000;892
10309;HUNGO;1996-09-19 00:00:00.000;893
10310;THEBI;1996-09-20 00:00:00.000;894
10311;DUMON;1996-09-20 00:00:00.000;895
10312;WANDK;1996-09-23 00:00:00.000;896
10313;QUICK;1996-09-24 00:00:00.000;897
10314;RATTC;1996-09-25 00:00:00.000;898
10315;ISLAT;1996-09-26 00:00:00.000;899
10316;RATTC;1996-09-27 00:00:00.000;900
10317;LONEP;1996-09-30 00:00:00.000;901
10318;ISLAT;1996-10-01 00:00:00.000;902
10319;TORTU;1996-10-02 00:00:00.000;903
10320;WARTH;1996-10-03 00:00:00.000;904
10321;ISLAT;1996-10-03 00:00:00.000;905
10322;PERIC;1996-10-04 00:00:00.000;906
10323;KOENE;1996-10-07 00:00:00.000;907
10324;SAVEA;1996-10-08 00:00:00.000;908
10325;KOENE;1996-10-09 00:00:00.000;909
10326;BOLID;1996-10-10 00:00:00.000;910
10327;FOLKO;1996-10-11 00:00:00.000;911
10328;FURIB;1996-10-14 00:00:00.000;912
10329;SPLIR;1996-10-15 00:00:00.000;913
10330;LILAS;1996-10-16 00:00:00.000;914
10331;BONAP;1996-10-16 00:00:00.000;915
10332;MEREP;1996-10-17 00:00:00.000;916
10333;WARTH;1996-10-18 00:00:00.000;917
10334;VICTE;1996-10-21 00:00:00.000;918
10335;HUNGO;1996-10-22 00:00:00.000;919
10336;PRINI;1996-10-23 00:00:00.000;920
10337;FRANK;1996-10-24 00:00:00.000;921
10338;OLDWO;1996-10-25 00:00:00.000;922
10339;MEREP;1996-10-28 00:00:00.000;923
10340;BONAP;1996-10-29 00:00:00.000;924
10341;SIMOB;1996-10-29 00:00:00.000;925
10342;FRANK;1996-10-30 00:00:00.000;926
10343;LEHMS;1996-10-31 00:00:00.000;927
10344;WHITC;1996-11-01 00:00:00.000;928
10345;QUICK;1996-11-04 00:00:00.000;929
10346;RATTC;1996-11-05 00:00:00.000;930
10347;FAMIA;1996-11-06 00:00:00.000;931
10348;WANDK;1996-11-07 00:00:00.000;932
10349;SPLIR;1996-11-08 00:00:00.000;933
10350;LAMAI;1996-11-11 00:00:00.000;934
10351;ERNSH;1996-11-11 00:00:00.000;935
10352;FURIB;1996-11-12 00:00:00.000;936
10353;PICCO;1996-11-13 00:00:00.000;937
10354;PERIC;1996-11-14 00:00:00.000;938
10355;AROUT;1996-11-15 00:00:00.000;939
10356;WANDK;1996-11-18 00:00:00.000;940
10357;LILAS;1996-11-19 00:00:00.000;941
10358;LAMAI;1996-11-20 00:00:00.000;942
10359;SEVES;1996-11-21 00:00:00.000;943
10360;BLONP;1996-11-22 00:00:00.000;944
10361;QUICK;1996-11-22 00:00:00.000;945
10362;BONAP;1996-11-25 00:00:00.000;946
10363;DRACD;1996-11-26 00:00:00.000;947
10364;EASTC;1996-11-26 00:00:00.000;948
10365;ANTON;1996-11-27 00:00:00.000;949
10366;GALED;1996-11-28 00:00:00.000;950
10367;VAFFE;1996-11-28 00:00:00.000;951
10368;ERNSH;1996-11-29 00:00:00.000;952
10369;SPLIR;1996-12-02 00:00:00.000;953
10370;CHOPS;1996-12-03 00:00:00.000;954
10371;LAMAI;1996-12-03 00:00:00.000;955
10372;QUEEN;1996-12-04 00:00:00.000;956
10373;HUNGO;1996-12-05 00:00:00.000;957
10374;WOLZA;1996-12-05 00:00:00.000;958
10375;HUNGC;1996-12-06 00:00:00.000;959
10376;MEREP;1996-12-09 00:00:00.000;960
10377;SEVES;1996-12-09 00:00:00.000;961
10378;FOLKO;1996-12-10 00:00:00.000;962
10379;QUEDE;1996-12-11 00:00:00.000;963
10380;HUNGO;1996-12-12 00:00:00.000;964
10381;LILAS;1996-12-12 00:00:00.000;965
10382;ERNSH;1996-12-13 00:00:00.000;966
10383;AROUT;1996-12-16 00:00:00.000;967
10384;BERGS;1996-12-16 00:00:00.000;968
10385;SPLIR;1996-12-17 00:00:00.000;969
10386;FAMIA;1996-12-18 00:00:00.000;970
10387;SANTG;1996-12-18 00:00:00.000;971
10388;SEVES;1996-12-19 00:00:00.000;972
10389;BOTTM;1996-12-20 00:00:00.000;973
10390;ERNSH;1996-12-23 00:00:00.000;974
10391;DRACD;1996-12-23 00:00:00.000;975
10392;PICCO;1996-12-24 00:00:00.000;976
10393;SAVEA;1996-12-25 00:00:00.000;977
10394;HUNGC;1996-12-25 00:00:00.000;978
10395;HILAA;1996-12-26 00:00:00.000;979
10396;FRANK;1996-12-27 00:00:00.000;980
10397;PRINI;1996-12-27 00:00:00.000;981
10398;SAVEA;1996-12-30 00:00:00.000;982
10399;VAFFE;1996-12-31 00:00:00.000;983
10400;EASTC;1997-01-01 00:00:00.000;984
10401;RATTC;1997-01-01 00:00:00.000;985
10402;ERNSH;1997-01-02 00:00:00.000;986
10403;ERNSH;1997-01-03 00:00:00.000;987
10404;MAGAA;1997-01-03 00:00:00.000;988
10405;LINOD;1997-01-06 00:00:00.000;989
10406;QUEEN;1997-01-07 00:00:00.000;990
10407;OTTIK;1997-01-07 00:00:00.000;991
10408;FOLIG;1997-01-08 00:00:00.000;992
10409;OCEAN;1997-01-09 00:00:00.000;993
10410;BOTTM;1997-01-10 00:00:00.000;994
10411;BOTTM;1997-01-10 00:00:00.000;995
10412;WARTH;1997-01-13 00:00:00.000;996
10413;LAMAI;1997-01-14 00:00:00.000;997
10414;FAMIA;1997-01-14 00:00:00.000;998
10415;HUNGC;1997-01-15 00:00:00.000;999
10416;WARTH;1997-01-16 00:00:00.000;1000
10417;SIMOB;1997-01-16 00:00:00.000;1001
10418;QUICK;1997-01-17 00:00:00.000;1002
10419;RICSU;1997-01-20 00:00:00.000;1003
10420;WELLI;1997-01-21 00:00:00.000;1004
10421;QUEDE;1997-01-21 00:00:00.000;1005
10422;FRANS;1997-01-22 00:00:00.000;1006
10423;GOURL;1997-01-23 00:00:00.000;1007
10424;MEREP;1997-01-23 00:00:00.000;1008
10425;LAMAI;1997-01-24 00:00:00.000;1009
10426;GALED;1997-01-27 00:00:00.000;1010
10427;PICCO;1997-01-27 00:00:00.000;1011
10428;REGGC;1997-01-28 00:00:00.000;1012
10429;HUNGO;1997-01-29 00:00:00.000;1013
10430;ERNSH;1997-01-30 00:00:00.000;1014
10431;BOTTM;1997-01-30 00:00:00.000;1015
10432;SPLIR;1997-01-31 00:00:00.000;1016
10433;PRINI;1997-02-03 00:00:00.000;1017
10434;FOLKO;1997-02-03 00:00:00.000;1018
10435;CONSH;1997-02-04 00:00:00.000;1019
10436;BLONP;1997-02-05 00:00:00.000;1020
10437;WARTH;1997-02-05 00:00:00.000;1021
10438;TOMSP;1997-02-06 00:00:00.000;1022
10439;MEREP;1997-02-07 00:00:00.000;1023
10440;SAVEA;1997-02-10 00:00:00.000;1024
10441;OLDWO;1997-02-10 00:00:00.000;1025
10442;ERNSH;1997-02-11 00:00:00.000;1026
10443;REGGC;1997-02-12 00:00:00.000;1027
10444;BERGS;1997-02-12 00:00:00.000;1028
10445;BERGS;1997-02-13 00:00:00.000;1029
10446;TOMSP;1997-02-14 00:00:00.000;1030
10447;RICAR;1997-02-14 00:00:00.000;1031
10448;RANCH;1997-02-17 00:00:00.000;1032
10449;BLONP;1997-02-18 00:00:00.000;1033
10450;VICTE;1997-02-19 00:00:00.000;1034
10451;QUICK;1997-02-19 00:00:00.000;1035
10452;SAVEA;1997-02-20 00:00:00.000;1036
10453;AROUT;1997-02-21 00:00:00.000;1037
10454;LAMAI;1997-02-21 00:00:00.000;1038
10455;WARTH;1997-02-24 00:00:00.000;1039
10456;KOENE;1997-02-25 00:00:00.000;1040
10457;KOENE;1997-02-25 00:00:00.000;1041
10458;SUPRD;1997-02-26 00:00:00.000;1042
10459;VICTE;1997-02-27 00:00:00.000;1043
10460;FOLKO;1997-02-28 00:00:00.000;1044
10461;LILAS;1997-02-28 00:00:00.000;1045
10462;CONSH;1997-03-03 00:00:00.000;1046
10463;SUPRD;1997-03-04 00:00:00.000;1047
10464;FURIB;1997-03-04 00:00:00.000;1048
10465;VAFFE;1997-03-05 00:00:00.000;1049
10466;COMMI;1997-03-06 00:00:00.000;1050
10467;MAGAA;1997-03-06 00:00:00.000;1051
10468;KOENE;1997-03-07 00:00:00.000;1052
10469;WHITC;1997-03-10 00:00:00.000;1053
10470;BONAP;1997-03-11 00:00:00.000;1054
10471;BSBEV;1997-03-11 00:00:00.000;1055
10472;SEVES;1997-03-12 00:00:00.000;1056
10473;ISLAT;1997-03-13 00:00:00.000;1057
10474;PERIC;1997-03-13 00:00:00.000;1058
10475;SUPRD;1997-03-14 00:00:00.000;1059
10476;HILAA;1997-03-17 00:00:00.000;1060
10477;PRINI;1997-03-17 00:00:00.000;1061
10478;VICTE;1997-03-18 00:00:00.000;1062
10479;RATTC;1997-03-19 00:00:00.000;1063
10480;FOLIG;1997-03-20 00:00:00.000;1064
10481;RICAR;1997-03-20 00:00:00.000;1065
10482;LAZYK;1997-03-21 00:00:00.000;1066
10483;WHITC;1997-03-24 00:00:00.000;1067
10484;BSBEV;1997-03-24 00:00:00.000;1068
10485;LINOD;1997-03-25 00:00:00.000;1069
10486;HILAA;1997-03-26 00:00:00.000;1070
10487;QUEEN;1997-03-26 00:00:00.000;1071
10488;FRANK;1997-03-27 00:00:00.000;1072
10489;PICCO;1997-03-28 00:00:00.000;1073
10490;HILAA;1997-03-31 00:00:00.000;1074
10491;FURIB;1997-03-31 00:00:00.000;1075
10492;BOTTM;1997-04-01 00:00:00.000;1076
10493;LAMAI;1997-04-02 00:00:00.000;1077
10494;COMMI;1997-04-02 00:00:00.000;1078
10495;LAUGB;1997-04-03 00:00:00.000;1079
10496;TRADH;1997-04-04 00:00:00.000;1080
10497;LEHMS;1997-04-04 00:00:00.000;1081
10498;HILAA;1997-04-07 00:00:00.000;1082
10499;LILAS;1997-04-08 00:00:00.000;1083
10500;LAMAI;1997-04-09 00:00:00.000;1084
10501;BLAUS;1997-04-09 00:00:00.000;1085
10502;PERIC;1997-04-10 00:00:00.000;1086
10503;HUNGO;1997-04-11 00:00:00.000;1087
10504;WHITC;1997-04-11 00:00:00.000;1088
10505;MEREP;1997-04-14 00:00:00.000;1089
10506;KOENE;1997-04-15 00:00:00.000;1090
10507;ANTON;1997-04-15 00:00:00.000;1091
10508;OTTIK;1997-04-16 00:00:00.000;1092
10509;BLAUS;1997-04-17 00:00:00.000;1093
10510;SAVEA;1997-04-18 00:00:00.000;1094
10511;BONAP;1997-04-18 00:00:00.000;1095
10512;FAMIA;1997-04-21 00:00:00.000;1096
10513;WANDK;1997-04-22 00:00:00.000;1097
10514;ERNSH;1997-04-22 00:00:00.000;1098
10515;QUICK;1997-04-23 00:00:00.000;1099
10516;HUNGO;1997-04-24 00:00:00.000;1100
10517;NORTS;1997-04-24 00:00:00.000;1101
10518;TORTU;1997-04-25 00:00:00.000;1102
10519;CHOPS;1997-04-28 00:00:00.000;1103
10520;SANTG;1997-04-29 00:00:00.000;1104
10521;CACTU;1997-04-29 00:00:00.000;1105
10522;LEHMS;1997-04-30 00:00:00.000;1106
10523;SEVES;1997-05-01 00:00:00.000;1107
10524;BERGS;1997-05-01 00:00:00.000;1108
10525;BONAP;1997-05-02 00:00:00.000;1109
10526;WARTH;1997-05-05 00:00:00.000;1110
10527;QUICK;1997-05-05 00:00:00.000;1111
10528;GREAL;1997-05-06 00:00:00.000;1112
10529;MAISD;1997-05-07 00:00:00.000;1113
10530;PICCO;1997-05-08 00:00:00.000;1114
10531;OCEAN;1997-05-08 00:00:00.000;1115
10532;EASTC;1997-05-09 00:00:00.000;1116
10533;FOLKO;1997-05-12 00:00:00.000;1117
10534;LEHMS;1997-05-12 00:00:00.000;1118
10535;ANTON;1997-05-13 00:00:00.000;1119
10536;LEHMS;1997-05-14 00:00:00.000;1120
10537;RICSU;1997-05-14 00:00:00.000;1121
10538;BSBEV;1997-05-15 00:00:00.000;1122
10539;BSBEV;1997-05-16 00:00:00.000;1123
10540;QUICK;1997-05-19 00:00:00.000;1124
10541;HANAR;1997-05-19 00:00:00.000;1125
10542;KOENE;1997-05-20 00:00:00.000;1126
10543;LILAS;1997-05-21 00:00:00.000;1127
10544;LONEP;1997-05-21 00:00:00.000;1128
10545;LAZYK;1997-05-22 00:00:00.000;1129
10546;VICTE;1997-05-23 00:00:00.000;1130
10547;SEVES;1997-05-23 00:00:00.000;1131
10548;TOMSP;1997-05-26 00:00:00.000;1132
10549;QUICK;1997-05-27 00:00:00.000;1133
10550;GODOS;1997-05-28 00:00:00.000;1134
10551;FURIB;1997-05-28 00:00:00.000;1135
10552;HILAA;1997-05-29 00:00:00.000;1136
10553;WARTH;1997-05-30 00:00:00.000;1137
10554;OTTIK;1997-05-30 00:00:00.000;1138
10555;SAVEA;1997-06-02 00:00:00.000;1139
10556;SIMOB;1997-06-03 00:00:00.000;1140
10557;LEHMS;1997-06-03 00:00:00.000;1141
10558;AROUT;1997-06-04 00:00:00.000;1142
10559;BLONP;1997-06-05 00:00:00.000;1143
10560;FRANK;1997-06-06 00:00:00.000;1144
10561;FOLKO;1997-06-06 00:00:00.000;1145
10562;REGGC;1997-06-09 00:00:00.000;1146
10563;RICAR;1997-06-10 00:00:00.000;1147
10564;RATTC;1997-06-10 00:00:00.000;1148
10565;MEREP;1997-06-11 00:00:00.000;1149
10566;BLONP;1997-06-12 00:00:00.000;1150
10567;HUNGO;1997-06-12 00:00:00.000;1151
10568;GALED;1997-06-13 00:00:00.000;1152
10569;RATTC;1997-06-16 00:00:00.000;1153
10570;MEREP;1997-06-17 00:00:00.000;1154
10571;ERNSH;1997-06-17 00:00:00.000;1155
10572;BERGS;1997-06-18 00:00:00.000;1156
10573;ANTON;1997-06-19 00:00:00.000;1157
10574;TRAIH;1997-06-19 00:00:00.000;1158
10575;MORGK;1997-06-20 00:00:00.000;1159
10576;TORTU;1997-06-23 00:00:00.000;1160
10577;TRAIH;1997-06-23 00:00:00.000;1161
10578;BSBEV;1997-06-24 00:00:00.000;1162
10579;LETSS;1997-06-25 00:00:00.000;1163
10580;OTTIK;1997-06-26 00:00:00.000;1164
10581;FAMIA;1997-06-26 00:00:00.000;1165
10582;BLAUS;1997-06-27 00:00:00.000;1166
10583;WARTH;1997-06-30 00:00:00.000;1167
10584;BLONP;1997-06-30 00:00:00.000;1168
10585;WELLI;1997-07-01 00:00:00.000;1169
10586;REGGC;1997-07-02 00:00:00.000;1170
10587;QUEDE;1997-07-02 00:00:00.000;1171
10588;QUICK;1997-07-03 00:00:00.000;1172
10589;GREAL;1997-07-04 00:00:00.000;1173
10590;MEREP;1997-07-07 00:00:00.000;1174
10591;VAFFE;1997-07-07 00:00:00.000;1175
10592;LEHMS;1997-07-08 00:00:00.000;1176
10593;LEHMS;1997-07-09 00:00:00.000;1177
10594;OLDWO;1997-07-09 00:00:00.000;1178
10595;ERNSH;1997-07-10 00:00:00.000;1179
10596;WHITC;1997-07-11 00:00:00.000;1180
10597;PICCO;1997-07-11 00:00:00.000;1181
10598;RATTC;1997-07-14 00:00:00.000;1182
10599;BSBEV;1997-07-15 00:00:00.000;1183
10600;HUNGC;1997-07-16 00:00:00.000;1184
10601;HILAA;1997-07-16 00:00:00.000;1185
10602;VAFFE;1997-07-17 00:00:00.000;1186
10603;SAVEA;1997-07-18 00:00:00.000;1187
10604;FURIB;1997-07-18 00:00:00.000;1188
10605;MEREP;1997-07-21 00:00:00.000;1189
10606;TRADH;1997-07-22 00:00:00.000;1190
10607;SAVEA;1997-07-22 00:00:00.000;1191
10608;TOMSP;1997-07-23 00:00:00.000;1192
10609;DUMON;1997-07-24 00:00:00.000;1193
10610;LAMAI;1997-07-25 00:00:00.000;1194
10611;WOLZA;1997-07-25 00:00:00.000;1195
10612;SAVEA;1997-07-28 00:00:00.000;1196
10613;HILAA;1997-07-29 00:00:00.000;1197
10614;BLAUS;1997-07-29 00:00:00.000;1198
10615;WILMK;1997-07-30 00:00:00.000;1199
10616;GREAL;1997-07-31 00:00:00.000;1200
10617;GREAL;1997-07-31 00:00:00.000;1201
10618;MEREP;1997-08-01 00:00:00.000;1202
10619;MEREP;1997-08-04 00:00:00.000;1203
10620;LAUGB;1997-08-05 00:00:00.000;1204
10621;ISLAT;1997-08-05 00:00:00.000;1205
10622;RICAR;1997-08-06 00:00:00.000;1206
10623;FRANK;1997-08-07 00:00:00.000;1207
10624;THECR;1997-08-07 00:00:00.000;1208
10625;ANATR;1997-08-08 00:00:00.000;1209
10626;BERGS;1997-08-11 00:00:00.000;1210
10627;SAVEA;1997-08-11 00:00:00.000;1211
10628;BLONP;1997-08-12 00:00:00.000;1212
10629;GODOS;1997-08-12 00:00:00.000;1213
10630;KOENE;1997-08-13 00:00:00.000;1214
10631;LAMAI;1997-08-14 00:00:00.000;1215
10632;WANDK;1997-08-14 00:00:00.000;1216
10633;ERNSH;1997-08-15 00:00:00.000;1217
10634;FOLIG;1997-08-15 00:00:00.000;1218
10635;MAGAA;1997-08-18 00:00:00.000;1219
10636;WARTH;1997-08-19 00:00:00.000;1220
10637;QUEEN;1997-08-19 00:00:00.000;1221
10638;LINOD;1997-08-20 00:00:00.000;1222
10639;SANTG;1997-08-20 00:00:00.000;1223
10640;WANDK;1997-08-21 00:00:00.000;1224
10641;HILAA;1997-08-22 00:00:00.000;1225
10642;SIMOB;1997-08-22 00:00:00.000;1226
10643;ALFKI;1997-08-25 00:00:00.000;1227
10644;WELLI;1997-08-25 00:00:00.000;1228
10645;HANAR;1997-08-26 00:00:00.000;1229
10646;HUNGO;1997-08-27 00:00:00.000;1230
10647;QUEDE;1997-08-27 00:00:00.000;1231
10648;RICAR;1997-08-28 00:00:00.000;1232
10649;MAISD;1997-08-28 00:00:00.000;1233
10650;FAMIA;1997-08-29 00:00:00.000;1234
10651;WANDK;1997-09-01 00:00:00.000;1235
10652;GOURL;1997-09-01 00:00:00.000;1236
10653;FRANK;1997-09-02 00:00:00.000;1237
10654;BERGS;1997-09-02 00:00:00.000;1238
10655;REGGC;1997-09-03 00:00:00.000;1239
10656;GREAL;1997-09-04 00:00:00.000;1240
10657;SAVEA;1997-09-04 00:00:00.000;1241
10658;QUICK;1997-09-05 00:00:00.000;1242
10659;QUEEN;1997-09-05 00:00:00.000;1243
10660;HUNGC;1997-09-08 00:00:00.000;1244
10661;HUNGO;1997-09-09 00:00:00.000;1245
10662;LONEP;1997-09-09 00:00:00.000;1246
10663;BONAP;1997-09-10 00:00:00.000;1247
10664;FURIB;1997-09-10 00:00:00.000;1248
10665;LONEP;1997-09-11 00:00:00.000;1249
10666;RICSU;1997-09-12 00:00:00.000;1250
10667;ERNSH;1997-09-12 00:00:00.000;1251
10668;WANDK;1997-09-15 00:00:00.000;1252
10669;SIMOB;1997-09-15 00:00:00.000;1253
10670;FRANK;1997-09-16 00:00:00.000;1254
10671;FRANR;1997-09-17 00:00:00.000;1255
10672;BERGS;1997-09-17 00:00:00.000;1256
10673;WILMK;1997-09-18 00:00:00.000;1257
10674;ISLAT;1997-09-18 00:00:00.000;1258
10675;FRANK;1997-09-19 00:00:00.000;1259
10676;TORTU;1997-09-22 00:00:00.000;1260
10677;ANTON;1997-09-22 00:00:00.000;1261
10678;SAVEA;1997-09-23 00:00:00.000;1262
10679;BLONP;1997-09-23 00:00:00.000;1263
10680;OLDWO;1997-09-24 00:00:00.000;1264
10681;GREAL;1997-09-25 00:00:00.000;1265
10682;ANTON;1997-09-25 00:00:00.000;1266
10683;DUMON;1997-09-26 00:00:00.000;1267
10684;OTTIK;1997-09-26 00:00:00.000;1268
10685;GOURL;1997-09-29 00:00:00.000;1269
10686;PICCO;1997-09-30 00:00:00.000;1270
10687;HUNGO;1997-09-30 00:00:00.000;1271
10688;VAFFE;1997-10-01 00:00:00.000;1272
10689;BERGS;1997-10-01 00:00:00.000;1273
10690;HANAR;1997-10-02 00:00:00.000;1274
10691;QUICK;1997-10-03 00:00:00.000;1275
10692;ALFKI;1997-10-03 00:00:00.000;1276
10693;WHITC;1997-10-06 00:00:00.000;1277
10694;QUICK;1997-10-06 00:00:00.000;1278
10695;WILMK;1997-10-07 00:00:00.000;1279
10696;WHITC;1997-10-08 00:00:00.000;1280
10697;LINOD;1997-10-08 00:00:00.000;1281
10698;ERNSH;1997-10-09 00:00:00.000;1282
10699;MORGK;1997-10-09 00:00:00.000;1283
10700;SAVEA;1997-10-10 00:00:00.000;1284
10701;HUNGO;1997-10-13 00:00:00.000;1285
10702;ALFKI;1997-10-13 00:00:00.000;1286
10703;FOLKO;1997-10-14 00:00:00.000;1287
10704;QUEEN;1997-10-14 00:00:00.000;1288
10705;HILAA;1997-10-15 00:00:00.000;1289
10706;OLDWO;1997-10-16 00:00:00.000;1290
10707;AROUT;1997-10-16 00:00:00.000;1291
10708;THEBI;1997-10-17 00:00:00.000;1292
10709;GOURL;1997-10-17 00:00:00.000;1293
10710;FRANS;1997-10-20 00:00:00.000;1294
10711;SAVEA;1997-10-21 00:00:00.000;1295
10712;HUNGO;1997-10-21 00:00:00.000;1296
10713;SAVEA;1997-10-22 00:00:00.000;1297
10714;SAVEA;1997-10-22 00:00:00.000;1298
10715;BONAP;1997-10-23 00:00:00.000;1299
10716;RANCH;1997-10-24 00:00:00.000;1300
10717;FRANK;1997-10-24 00:00:00.000;1301
10718;KOENE;1997-10-27 00:00:00.000;1302
10719;LETSS;1997-10-27 00:00:00.000;1303
10720;QUEDE;1997-10-28 00:00:00.000;1304
10721;QUICK;1997-10-29 00:00:00.000;1305
10722;SAVEA;1997-10-29 00:00:00.000;1306
10723;WHITC;1997-10-30 00:00:00.000;1307
10724;MEREP;1997-10-30 00:00:00.000;1308
10725;FAMIA;1997-10-31 00:00:00.000;1309
10726;EASTC;1997-11-03 00:00:00.000;1310
10727;REGGC;1997-11-03 00:00:00.000;1311
10728;QUEEN;1997-11-04 00:00:00.000;1312
10729;LINOD;1997-11-04 00:00:00.000;1313
10730;BONAP;1997-11-05 00:00:00.000;1314
10731;CHOPS;1997-11-06 00:00:00.000;1315
10732;BONAP;1997-11-06 00:00:00.000;1316
10733;BERGS;1997-11-07 00:00:00.000;1317
10734;GOURL;1997-11-07 00:00:00.000;1318
10735;LETSS;1997-11-10 00:00:00.000;1319
10736;HUNGO;1997-11-11 00:00:00.000;1320
10737;VINET;1997-11-11 00:00:00.000;1321
10738;SPECD;1997-11-12 00:00:00.000;1322
10739;VINET;1997-11-12 00:00:00.000;1323
10740;WHITC;1997-11-13 00:00:00.000;1324
10741;AROUT;1997-11-14 00:00:00.000;1325
10742;BOTTM;1997-11-14 00:00:00.000;1326
10743;AROUT;1997-11-17 00:00:00.000;1327
10744;VAFFE;1997-11-17 00:00:00.000;1328
10745;QUICK;1997-11-18 00:00:00.000;1329
10746;CHOPS;1997-11-19 00:00:00.000;1330
10747;PICCO;1997-11-19 00:00:00.000;1331
10748;SAVEA;1997-11-20 00:00:00.000;1332
10749;ISLAT;1997-11-20 00:00:00.000;1333
10750;WARTH;1997-11-21 00:00:00.000;1334
10751;RICSU;1997-11-24 00:00:00.000;1335
10752;NORTS;1997-11-24 00:00:00.000;1336
10753;FRANS;1997-11-25 00:00:00.000;1337
10754;MAGAA;1997-11-25 00:00:00.000;1338
10755;BONAP;1997-11-26 00:00:00.000;1339
10756;SPLIR;1997-11-27 00:00:00.000;1340
10757;SAVEA;1997-11-27 00:00:00.000;1341
10758;RICSU;1997-11-28 00:00:00.000;1342
10759;ANATR;1997-11-28 00:00:00.000;1343
10760;MAISD;1997-12-01 00:00:00.000;1344
10761;RATTC;1997-12-02 00:00:00.000;1345
10762;FOLKO;1997-12-02 00:00:00.000;1346
10763;FOLIG;1997-12-03 00:00:00.000;1347
10764;ERNSH;1997-12-03 00:00:00.000;1348
10765;QUICK;1997-12-04 00:00:00.000;1349
10766;OTTIK;1997-12-05 00:00:00.000;1350
10767;SUPRD;1997-12-05 00:00:00.000;1351
10768;AROUT;1997-12-08 00:00:00.000;1352
10769;VAFFE;1997-12-08 00:00:00.000;1353
10770;HANAR;1997-12-09 00:00:00.000;1354
10771;ERNSH;1997-12-10 00:00:00.000;1355
10772;LEHMS;1997-12-10 00:00:00.000;1356
10773;ERNSH;1997-12-11 00:00:00.000;1357
10774;FOLKO;1997-12-11 00:00:00.000;1358
10775;THECR;1997-12-12 00:00:00.000;1359
10776;ERNSH;1997-12-15 00:00:00.000;1360
10777;GOURL;1997-12-15 00:00:00.000;1361
10778;BERGS;1997-12-16 00:00:00.000;1362
10779;MORGK;1997-12-16 00:00:00.000;1363
10780;LILAS;1997-12-16 00:00:00.000;1364
10781;WARTH;1997-12-17 00:00:00.000;1365
10782;CACTU;1997-12-17 00:00:00.000;1366
10783;HANAR;1997-12-18 00:00:00.000;1367
10784;MAGAA;1997-12-18 00:00:00.000;1368
10785;GROSR;1997-12-18 00:00:00.000;1369
10786;QUEEN;1997-12-19 00:00:00.000;1370
10787;LAMAI;1997-12-19 00:00:00.000;1371
10788;QUICK;1997-12-22 00:00:00.000;1372
10789;FOLIG;1997-12-22 00:00:00.000;1373
10790;GOURL;1997-12-22 00:00:00.000;1374
10791;FRANK;1997-12-23 00:00:00.000;1375
10792;WOLZA;1997-12-23 00:00:00.000;1376
10793;AROUT;1997-12-24 00:00:00.000;1377
10794;QUEDE;1997-12-24 00:00:00.000;1378
10795;ERNSH;1997-12-24 00:00:00.000;1379
10796;HILAA;1997-12-25 00:00:00.000;1380
10797;DRACD;1997-12-25 00:00:00.000;1381
10798;ISLAT;1997-12-26 00:00:00.000;1382
10799;KOENE;1997-12-26 00:00:00.000;1383
10800;SEVES;1997-12-26 00:00:00.000;1384
10801;BOLID;1997-12-29 00:00:00.000;1385
10802;SIMOB;1997-12-29 00:00:00.000;1386
10803;WELLI;1997-12-30 00:00:00.000;1387
10804;SEVES;1997-12-30 00:00:00.000;1388
10805;THEBI;1997-12-30 00:00:00.000;1389
10806;VICTE;1997-12-31 00:00:00.000;1390
10807;FRANS;1997-12-31 00:00:00.000;1391
10808;OLDWO;1998-01-01 00:00:00.000;1392
10809;WELLI;1998-01-01 00:00:00.000;1393
10810;LAUGB;1998-01-01 00:00:00.000;1394
10811;LINOD;1998-01-02 00:00:00.000;1395
10812;REGGC;1998-01-02 00:00:00.000;1396
10813;RICAR;1998-01-05 00:00:00.000;1397
10814;VICTE;1998-01-05 00:00:00.000;1398
10815;SAVEA;1998-01-05 00:00:00.000;1399
10816;GREAL;1998-01-06 00:00:00.000;1400
10817;KOENE;1998-01-06 00:00:00.000;1401
10818;MAGAA;1998-01-07 00:00:00.000;1402
10819;CACTU;1998-01-07 00:00:00.000;1403
10820;RATTC;1998-01-07 00:00:00.000;1404
10821;SPLIR;1998-01-08 00:00:00.000;1405
10822;TRAIH;1998-01-08 00:00:00.000;1406
10823;LILAS;1998-01-09 00:00:00.000;1407
10824;FOLKO;1998-01-09 00:00:00.000;1408
10825;DRACD;1998-01-09 00:00:00.000;1409
10826;BLONP;1998-01-12 00:00:00.000;1410
10827;BONAP;1998-01-12 00:00:00.000;1411
10828;RANCH;1998-01-13 00:00:00.000;1412
10829;ISLAT;1998-01-13 00:00:00.000;1413
10830;TRADH;1998-01-13 00:00:00.000;1414
10831;SANTG;1998-01-14 00:00:00.000;1415
10832;LAMAI;1998-01-14 00:00:00.000;1416
10833;OTTIK;1998-01-15 00:00:00.000;1417
10834;TRADH;1998-01-15 00:00:00.000;1418
10835;ALFKI;1998-01-15 00:00:00.000;1419
10836;ERNSH;1998-01-16 00:00:00.000;1420
10837;BERGS;1998-01-16 00:00:00.000;1421
10838;LINOD;1998-01-19 00:00:00.000;1422
10839;TRADH;1998-01-19 00:00:00.000;1423
10840;LINOD;1998-01-19 00:00:00.000;1424
10841;SUPRD;1998-01-20 00:00:00.000;1425
10842;TORTU;1998-01-20 00:00:00.000;1426
10843;VICTE;1998-01-21 00:00:00.000;1427
10844;PICCO;1998-01-21 00:00:00.000;1428
10845;QUICK;1998-01-21 00:00:00.000;1429
10846;SUPRD;1998-01-22 00:00:00.000;1430
10847;SAVEA;1998-01-22 00:00:00.000;1431
10848;CONSH;1998-01-23 00:00:00.000;1432
10849;KOENE;1998-01-23 00:00:00.000;1433
10850;VICTE;1998-01-23 00:00:00.000;1434
10851;RICAR;1998-01-26 00:00:00.000;1435
10852;RATTC;1998-01-26 00:00:00.000;1436
10853;BLAUS;1998-01-27 00:00:00.000;1437
10854;ERNSH;1998-01-27 00:00:00.000;1438
10855;OLDWO;1998-01-27 00:00:00.000;1439
10856;ANTON;1998-01-28 00:00:00.000;1440
10857;BERGS;1998-01-28 00:00:00.000;1441
10858;LACOR;1998-01-29 00:00:00.000;1442
10859;FRANK;1998-01-29 00:00:00.000;1443
10860;FRANR;1998-01-29 00:00:00.000;1444
10861;WHITC;1998-01-30 00:00:00.000;1445
10862;LEHMS;1998-01-30 00:00:00.000;1446
10863;HILAA;1998-02-02 00:00:00.000;1447
10864;AROUT;1998-02-02 00:00:00.000;1448
10865;QUICK;1998-02-02 00:00:00.000;1449
10866;BERGS;1998-02-03 00:00:00.000;1450
10867;LONEP;1998-02-03 00:00:00.000;1451
10868;QUEEN;1998-02-04 00:00:00.000;1452
10869;SEVES;1998-02-04 00:00:00.000;1453
10870;WOLZA;1998-02-04 00:00:00.000;1454
10871;BONAP;1998-02-05 00:00:00.000;1455
10872;GODOS;1998-02-05 00:00:00.000;1456
10873;WILMK;1998-02-06 00:00:00.000;1457
10874;GODOS;1998-02-06 00:00:00.000;1458
10875;BERGS;1998-02-06 00:00:00.000;1459
10876;BONAP;1998-02-09 00:00:00.000;1460
10877;RICAR;1998-02-09 00:00:00.000;1461
10878;QUICK;1998-02-10 00:00:00.000;1462
10879;WILMK;1998-02-10 00:00:00.000;1463
10880;FOLKO;1998-02-10 00:00:00.000;1464
10881;CACTU;1998-02-11 00:00:00.000;1465
10882;SAVEA;1998-02-11 00:00:00.000;1466
10883;LONEP;1998-02-12 00:00:00.000;1467
10884;LETSS;1998-02-12 00:00:00.000;1468
10885;SUPRD;1998-02-12 00:00:00.000;1469
10886;HANAR;1998-02-13 00:00:00.000;1470
10887;GALED;1998-02-13 00:00:00.000;1471
10888;GODOS;1998-02-16 00:00:00.000;1472
10889;RATTC;1998-02-16 00:00:00.000;1473
10890;DUMON;1998-02-16 00:00:00.000;1474
10891;LEHMS;1998-02-17 00:00:00.000;1475
10892;MAISD;1998-02-17 00:00:00.000;1476
10893;KOENE;1998-02-18 00:00:00.000;1477
10894;SAVEA;1998-02-18 00:00:00.000;1478
10895;ERNSH;1998-02-18 00:00:00.000;1479
10896;MAISD;1998-02-19 00:00:00.000;1480
10897;HUNGO;1998-02-19 00:00:00.000;1481
10898;OCEAN;1998-02-20 00:00:00.000;1482
10899;LILAS;1998-02-20 00:00:00.000;1483
10900;WELLI;1998-02-20 00:00:00.000;1484
10901;HILAA;1998-02-23 00:00:00.000;1485
10902;FOLKO;1998-02-23 00:00:00.000;1486
10903;HANAR;1998-02-24 00:00:00.000;1487
10904;WHITC;1998-02-24 00:00:00.000;1488
10905;WELLI;1998-02-24 00:00:00.000;1489
10906;WOLZA;1998-02-25 00:00:00.000;1490
10907;SPECD;1998-02-25 00:00:00.000;1491
10908;REGGC;1998-02-26 00:00:00.000;1492
10909;SANTG;1998-02-26 00:00:00.000;1493
10910;WILMK;1998-02-26 00:00:00.000;1494
10911;GODOS;1998-02-26 00:00:00.000;1495
10912;HUNGO;1998-02-26 00:00:00.000;1496
10913;QUEEN;1998-02-26 00:00:00.000;1497
10914;QUEEN;1998-02-27 00:00:00.000;1498
10915;TORTU;1998-02-27 00:00:00.000;1499
10916;RANCH;1998-02-27 00:00:00.000;1500
10917;ROMEY;1998-03-02 00:00:00.000;1501
10918;BOTTM;1998-03-02 00:00:00.000;1502
10919;LINOD;1998-03-02 00:00:00.000;1503
10920;AROUT;1998-03-03 00:00:00.000;1504
10921;VAFFE;1998-03-03 00:00:00.000;1505
10922;HANAR;1998-03-03 00:00:00.000;1506
10923;LAMAI;1998-03-03 00:00:00.000;1507
10924;BERGS;1998-03-04 00:00:00.000;1508
10925;HANAR;1998-03-04 00:00:00.000;1509
10926;ANATR;1998-03-04 00:00:00.000;1510
10927;LACOR;1998-03-05 00:00:00.000;1511
10928;GALED;1998-03-05 00:00:00.000;1512
10929;FRANK;1998-03-05 00:00:00.000;1513
10930;SUPRD;1998-03-06 00:00:00.000;1514
10931;RICSU;1998-03-06 00:00:00.000;1515
10932;BONAP;1998-03-06 00:00:00.000;1516
10933;ISLAT;1998-03-06 00:00:00.000;1517
10934;LEHMS;1998-03-09 00:00:00.000;1518
10935;WELLI;1998-03-09 00:00:00.000;1519
10936;GREAL;1998-03-09 00:00:00.000;1520
10937;CACTU;1998-03-10 00:00:00.000;1521
10938;QUICK;1998-03-10 00:00:00.000;1522
10939;MAGAA;1998-03-10 00:00:00.000;1523
10940;BONAP;1998-03-11 00:00:00.000;1524
10941;SAVEA;1998-03-11 00:00:00.000;1525
10942;REGGC;1998-03-11 00:00:00.000;1526
10943;BSBEV;1998-03-11 00:00:00.000;1527
10944;BOTTM;1998-03-12 00:00:00.000;1528
10945;MORGK;1998-03-12 00:00:00.000;1529
10946;VAFFE;1998-03-12 00:00:00.000;1530
10947;BSBEV;1998-03-13 00:00:00.000;1531
10948;GODOS;1998-03-13 00:00:00.000;1532
10949;BOTTM;1998-03-13 00:00:00.000;1533
10950;MAGAA;1998-03-16 00:00:00.000;1534
10951;RICSU;1998-03-16 00:00:00.000;1535
10952;ALFKI;1998-03-16 00:00:00.000;1536
10953;AROUT;1998-03-16 00:00:00.000;1537
10954;LINOD;1998-03-17 00:00:00.000;1538
10955;FOLKO;1998-03-17 00:00:00.000;1539
10956;BLAUS;1998-03-17 00:00:00.000;1540
10957;HILAA;1998-03-18 00:00:00.000;1541
10958;OCEAN;1998-03-18 00:00:00.000;1542
10959;GOURL;1998-03-18 00:00:00.000;1543
10960;HILAA;1998-03-19 00:00:00.000;1544
10961;QUEEN;1998-03-19 00:00:00.000;1545
10962;QUICK;1998-03-19 00:00:00.000;1546
10963;FURIB;1998-03-19 00:00:00.000;1547
10964;SPECD;1998-03-20 00:00:00.000;1548
10965;OLDWO;1998-03-20 00:00:00.000;1549
10966;CHOPS;1998-03-20 00:00:00.000;1550
10967;TOMSP;1998-03-23 00:00:00.000;1551
10968;ERNSH;1998-03-23 00:00:00.000;1552
10969;COMMI;1998-03-23 00:00:00.000;1553
10970;BOLID;1998-03-24 00:00:00.000;1554
10971;FRANR;1998-03-24 00:00:00.000;1555
10972;LACOR;1998-03-24 00:00:00.000;1556
10973;LACOR;1998-03-24 00:00:00.000;1557
10974;SPLIR;1998-03-25 00:00:00.000;1558
10975;BOTTM;1998-03-25 00:00:00.000;1559
10976;HILAA;1998-03-25 00:00:00.000;1560
10977;FOLKO;1998-03-26 00:00:00.000;1561
10978;MAISD;1998-03-26 00:00:00.000;1562
10979;ERNSH;1998-03-26 00:00:00.000;1563
10980;FOLKO;1998-03-27 00:00:00.000;1564
10981;HANAR;1998-03-27 00:00:00.000;1565
10982;BOTTM;1998-03-27 00:00:00.000;1566
10983;SAVEA;1998-03-27 00:00:00.000;1567
10984;SAVEA;1998-03-30 00:00:00.000;1568
10985;HUNGO;1998-03-30 00:00:00.000;1569
10986;OCEAN;1998-03-30 00:00:00.000;1570
10987;EASTC;1998-03-31 00:00:00.000;1571
10988;RATTC;1998-03-31 00:00:00.000;1572
10989;QUEDE;1998-03-31 00:00:00.000;1573
10990;ERNSH;1998-04-01 00:00:00.000;1574
10991;QUICK;1998-04-01 00:00:00.000;1575
10992;THEBI;1998-04-01 00:00:00.000;1576
10993;FOLKO;1998-04-01 00:00:00.000;1577
10994;VAFFE;1998-04-02 00:00:00.000;1578
10995;PERIC;1998-04-02 00:00:00.000;1579
10996;QUICK;1998-04-02 00:00:00.000;1580
10997;LILAS;1998-04-03 00:00:00.000;1581
10998;WOLZA;1998-04-03 00:00:00.000;1582
10999;OTTIK;1998-04-03 00:00:00.000;1583
11000;RATTC;1998-04-06 00:00:00.000;1584
11001;FOLKO;1998-04-06 00:00:00.000;1585
11002;SAVEA;1998-04-06 00:00:00.000;1586
11003;THECR;1998-04-06 00:00:00.000;1587
11004;MAISD;1998-04-07 00:00:00.000;1588
11005;WILMK;1998-04-07 00:00:00.000;1589
11006;GREAL;1998-04-07 00:00:00.000;1590
11007;PRINI;1998-04-08 00:00:00.000;1591
11008;ERNSH;1998-04-08 00:00:00.000;1592
11009;GODOS;1998-04-08 00:00:00.000;1593
11010;REGGC;1998-04-09 00:00:00.000;1594
11011;ALFKI;1998-04-09 00:00:00.000;1595
11012;FRANK;1998-04-09 00:00:00.000;1596
11013;ROMEY;1998-04-09 00:00:00.000;1597
11014;LINOD;1998-04-10 00:00:00.000;1598
11015;SANTG;1998-04-10 00:00:00.000;1599
11016;AROUT;1998-04-10 00:00:00.000;1600
11017;ERNSH;1998-04-13 00:00:00.000;1601
11018;LONEP;1998-04-13 00:00:00.000;1602
11019;RANCH;1998-04-13 00:00:00.000;1603
11020;OTTIK;1998-04-14 00:00:00.000;1604
11021;QUICK;1998-04-14 00:00:00.000;1605
11022;HANAR;1998-04-14 00:00:00.000;1606
11023;BSBEV;1998-04-14 00:00:00.000;1607
11024;EASTC;1998-04-15 00:00:00.000;1608
11025;WARTH;1998-04-15 00:00:00.000;1609
11026;FRANS;1998-04-15 00:00:00.000;1610
11027;BOTTM;1998-04-16 00:00:00.000;1611
11028;KOENE;1998-04-16 00:00:00.000;1612
11029;CHOPS;1998-04-16 00:00:00.000;1613
11030;SAVEA;1998-04-17 00:00:00.000;1614
11031;SAVEA;1998-04-17 00:00:00.000;1615
11032;WHITC;1998-04-17 00:00:00.000;1616
11033;RICSU;1998-04-17 00:00:00.000;1617
11034;OLDWO;1998-04-20 00:00:00.000;1618
11035;SUPRD;1998-04-20 00:00:00.000;1619
11036;DRACD;1998-04-20 00:00:00.000;1620
11037;GODOS;1998-04-21 00:00:00.000;1621
11038;SUPRD;1998-04-21 00:00:00.000;1622
11039;LINOD;1998-04-21 00:00:00.000;1623
11040;GREAL;1998-04-22 00:00:00.000;1624
11041;CHOPS;1998-04-22 00:00:00.000;1625
11042;COMMI;1998-04-22 00:00:00.000;1626
11043;SPECD;1998-04-22 00:00:00.000;1627
11044;WOLZA;1998-04-23 00:00:00.000;1628
11045;BOTTM;1998-04-23 00:00:00.000;1629
11046;WANDK;1998-04-23 00:00:00.000;1630
11047;EASTC;1998-04-24 00:00:00.000;1631
11048;BOTTM;1998-04-24 00:00:00.000;1632
11049;GOURL;1998-04-24 00:00:00.000;1633
11050;FOLKO;1998-04-27 00:00:00.000;1634
11051;LAMAI;1998-04-27 00:00:00.000;1635
11052;HANAR;1998-04-27 00:00:00.000;1636
11053;PICCO;1998-04-27 00:00:00.000;1637
11054;CACTU;1998-04-28 00:00:00.000;1638
11055;HILAA;1998-04-28 00:00:00.000;1639
11056;EASTC;1998-04-28 00:00:00.000;1640
11057;NORTS;1998-04-29 00:00:00.000;1641
11058;BLAUS;1998-04-29 00:00:00.000;1642
11059;RICAR;1998-04-29 00:00:00.000;1643
11060;FRANS;1998-04-30 00:00:00.000;1644
11061;GREAL;1998-04-30 00:00:00.000;1645
11062;REGGC;1998-04-30 00:00:00.000;1646
11063;HUNGO;1998-04-30 00:00:00.000;1647
11064;SAVEA;1998-05-01 00:00:00.000;1648
11065;LILAS;1998-05-01 00:00:00.000;1649
11066;WHITC;1998-05-01 00:00:00.000;1650
11067;DRACD;1998-05-04 00:00:00.000;1651
11068;QUEEN;1998-05-04 00:00:00.000;1652
11069;TORTU;1998-05-04 00:00:00.000;1653
11070;LEHMS;1998-05-05 00:00:00.000;1654
11071;LILAS;1998-05-05 00:00:00.000;1655
11072;ERNSH;1998-05-05 00:00:00.000;1656
11073;PERIC;1998-05-05 00:00:00.000;1657
11074;SIMOB;1998-05-06 00:00:00.000;1658
11075;RICSU;1998-05-06 00:00:00.000;1659
11076;BONAP;1998-05-06 00:00:00.000;1660
11077;RATTC;1998-05-06 00:00:00.000;1661
10248;VINET;1996-07-04 00:00:00.000;1662
10249;TOMSP;1996-07-05 00:00:00.000;1663
10250;HANAR;1996-07-08 00:00:00.000;1664
10251;VICTE;1996-07-08 00:00:00.000;1665
10252;SUPRD;1996-07-09 00:00:00.000;1666
10253;HANAR;1996-07-10 00:00:00.000;1667
10254;CHOPS;1996-07-11 00:00:00.000;1668
10255;RICSU;1996-07-12 00:00:00.000;1669
10256;WELLI;1996-07-15 00:00:00.000;1670
10257;HILAA;1996-07-16 00:00:00.000;1671
10258;ERNSH;1996-07-17 00:00:00.000;1672
10259;CENTC;1996-07-18 00:00:00.000;1673
10260;OTTIK;1996-07-19 00:00:00.000;1674
10261;QUEDE;1996-07-19 00:00:00.000;1675
10262;RATTC;1996-07-22 00:00:00.000;1676
10263;ERNSH;1996-07-23 00:00:00.000;1677
10264;FOLKO;1996-07-24 00:00:00.000;1678
10265;BLONP;1996-07-25 00:00:00.000;1679
10266;WARTH;1996-07-26 00:00:00.000;1680
10267;FRANK;1996-07-29 00:00:00.000;1681
10268;GROSR;1996-07-30 00:00:00.000;1682
10269;WHITC;1996-07-31 00:00:00.000;1683
10270;WARTH;1996-08-01 00:00:00.000;1684
10271;SPLIR;1996-08-01 00:00:00.000;1685
10272;RATTC;1996-08-02 00:00:00.000;1686
10273;QUICK;1996-08-05 00:00:00.000;1687
10274;VINET;1996-08-06 00:00:00.000;1688
10275;MAGAA;1996-08-07 00:00:00.000;1689
10276;TORTU;1996-08-08 00:00:00.000;1690
10277;MORGK;1996-08-09 00:00:00.000;1691
10278;BERGS;1996-08-12 00:00:00.000;1692
10279;LEHMS;1996-08-13 00:00:00.000;1693
10280;BERGS;1996-08-14 00:00:00.000;1694
10281;ROMEY;1996-08-14 00:00:00.000;1695
10282;ROMEY;1996-08-15 00:00:00.000;1696
10283;LILAS;1996-08-16 00:00:00.000;1697
10284;LEHMS;1996-08-19 00:00:00.000;1698
10285;QUICK;1996-08-20 00:00:00.000;1699
10286;QUICK;1996-08-21 00:00:00.000;1700
10287;RICAR;1996-08-22 00:00:00.000;1701
10288;REGGC;1996-08-23 00:00:00.000;1702
10289;BSBEV;1996-08-26 00:00:00.000;1703
10290;COMMI;1996-08-27 00:00:00.000;1704
10291;QUEDE;1996-08-27 00:00:00.000;1705
10292;TRADH;1996-08-28 00:00:00.000;1706
10293;TORTU;1996-08-29 00:00:00.000;1707
10294;RATTC;1996-08-30 00:00:00.000;1708
10295;VINET;1996-09-02 00:00:00.000;1709
10296;LILAS;1996-09-03 00:00:00.000;1710
10297;BLONP;1996-09-04 00:00:00.000;1711
10298;HUNGO;1996-09-05 00:00:00.000;1712
10299;RICAR;1996-09-06 00:00:00.000;1713
10300;MAGAA;1996-09-09 00:00:00.000;1714
10301;WANDK;1996-09-09 00:00:00.000;1715
10302;SUPRD;1996-09-10 00:00:00.000;1716
10303;GODOS;1996-09-11 00:00:00.000;1717
10304;TORTU;1996-09-12 00:00:00.000;1718
10305;OLDWO;1996-09-13 00:00:00.000;1719
10306;ROMEY;1996-09-16 00:00:00.000;1720
10307;LONEP;1996-09-17 00:00:00.000;1721
10308;ANATR;1996-09-18 00:00:00.000;1722
10309;HUNGO;1996-09-19 00:00:00.000;1723
10310;THEBI;1996-09-20 00:00:00.000;1724
10311;DUMON;1996-09-20 00:00:00.000;1725
10312;WANDK;1996-09-23 00:00:00.000;1726
10313;QUICK;1996-09-24 00:00:00.000;1727
10314;RATTC;1996-09-25 00:00:00.000;1728
10315;ISLAT;1996-09-26 00:00:00.000;1729
10316;RATTC;1996-09-27 00:00:00.000;1730
10317;LONEP;1996-09-30 00:00:00.000;1731
10318;ISLAT;1996-10-01 00:00:00.000;1732
10319;TORTU;1996-10-02 00:00:00.000;1733
10320;WARTH;1996-10-03 00:00:00.000;1734
10321;ISLAT;1996-10-03 00:00:00.000;1735
10322;PERIC;1996-10-04 00:00:00.000;1736
10323;KOENE;1996-10-07 00:00:00.000;1737
10324;SAVEA;1996-10-08 00:00:00.000;1738
10325;KOENE;1996-10-09 00:00:00.000;1739
10326;BOLID;1996-10-10 00:00:00.000;1740
10327;FOLKO;1996-10-11 00:00:00.000;1741
10328;FURIB;1996-10-14 00:00:00.000;1742
10329;SPLIR;1996-10-15 00:00:00.000;1743
10330;LILAS;1996-10-16 00:00:00.000;1744
10331;BONAP;1996-10-16 00:00:00.000;1745
10332;MEREP;1996-10-17 00:00:00.000;1746
10333;WARTH;1996-10-18 00:00:00.000;1747
10334;VICTE;1996-10-21 00:00:00.000;1748
10335;HUNGO;1996-10-22 00:00:00.000;1749
10336;PRINI;1996-10-23 00:00:00.000;1750
10337;FRANK;1996-10-24 00:00:00.000;1751
10338;OLDWO;1996-10-25 00:00:00.000;1752
10339;MEREP;1996-10-28 00:00:00.000;1753
10340;BONAP;1996-10-29 00:00:00.000;1754
10341;SIMOB;1996-10-29 00:00:00.000;1755
10342;FRANK;1996-10-30 00:00:00.000;1756
10343;LEHMS;1996-10-31 00:00:00.000;1757
10344;WHITC;1996-11-01 00:00:00.000;1758
10345;QUICK;1996-11-04 00:00:00.000;1759
10346;RATTC;1996-11-05 00:00:00.000;1760
10347;FAMIA;1996-11-06 00:00:00.000;1761
10348;WANDK;1996-11-07 00:00:00.000;1762
10349;SPLIR;1996-11-08 00:00:00.000;1763
10350;LAMAI;1996-11-11 00:00:00.000;1764
10351;ERNSH;1996-11-11 00:00:00.000;1765
10352;FURIB;1996-11-12 00:00:00.000;1766
10353;PICCO;1996-11-13 00:00:00.000;1767
10354;PERIC;1996-11-14 00:00:00.000;1768
10355;AROUT;1996-11-15 00:00:00.000;1769
10356;WANDK;1996-11-18 00:00:00.000;1770
10357;LILAS;1996-11-19 00:00:00.000;1771
10358;LAMAI;1996-11-20 00:00:00.000;1772
10359;SEVES;1996-11-21 00:00:00.000;1773
10360;BLONP;1996-11-22 00:00:00.000;1774
10361;QUICK;1996-11-22 00:00:00.000;1775
10362;BONAP;1996-11-25 00:00:00.000;1776
10363;DRACD;1996-11-26 00:00:00.000;1777
10364;EASTC;1996-11-26 00:00:00.000;1778
10365;ANTON;1996-11-27 00:00:00.000;1779
10366;GALED;1996-11-28 00:00:00.000;1780
10367;VAFFE;1996-11-28 00:00:00.000;1781
10368;ERNSH;1996-11-29 00:00:00.000;1782
10369;SPLIR;1996-12-02 00:00:00.000;1783
10370;CHOPS;1996-12-03 00:00:00.000;1784
10371;LAMAI;1996-12-03 00:00:00.000;1785
10372;QUEEN;1996-12-04 00:00:00.000;1786
10373;HUNGO;1996-12-05 00:00:00.000;1787
10374;WOLZA;1996-12-05 00:00:00.000;1788
10375;HUNGC;1996-12-06 00:00:00.000;1789
10376;MEREP;1996-12-09 00:00:00.000;1790
10377;SEVES;1996-12-09 00:00:00.000;1791
10378;FOLKO;1996-12-10 00:00:00.000;1792
10379;QUEDE;1996-12-11 00:00:00.000;1793
10380;HUNGO;1996-12-12 00:00:00.000;1794
10381;LILAS;1996-12-12 00:00:00.000;1795
10382;ERNSH;1996-12-13 00:00:00.000;1796
10383;AROUT;1996-12-16 00:00:00.000;1797
10384;BERGS;1996-12-16 00:00:00.000;1798
10385;SPLIR;1996-12-17 00:00:00.000;1799
10386;FAMIA;1996-12-18 00:00:00.000;1800
10387;SANTG;1996-12-18 00:00:00.000;1801
10388;SEVES;1996-12-19 00:00:00.000;1802
10389;BOTTM;1996-12-20 00:00:00.000;1803
10390;ERNSH;1996-12-23 00:00:00.000;1804
10391;DRACD;1996-12-23 00:00:00.000;1805
10392;PICCO;1996-12-24 00:00:00.000;1806
10393;SAVEA;1996-12-25 00:00:00.000;1807
10394;HUNGC;1996-12-25 00:00:00.000;1808
10395;HILAA;1996-12-26 00:00:00.000;1809
10396;FRANK;1996-12-27 00:00:00.000;1810
10397;PRINI;1996-12-27 00:00:00.000;1811
10398;SAVEA;1996-12-30 00:00:00.000;1812
10399;VAFFE;1996-12-31 00:00:00.000;1813
10400;EASTC;1997-01-01 00:00:00.000;1814
10401;RATTC;1997-01-01 00:00:00.000;1815
10402;ERNSH;1997-01-02 00:00:00.000;1816
10403;ERNSH;1997-01-03 00:00:00.000;1817
10404;MAGAA;1997-01-03 00:00:00.000;1818
10405;LINOD;1997-01-06 00:00:00.000;1819
10406;QUEEN;1997-01-07 00:00:00.000;1820
10407;OTTIK;1997-01-07 00:00:00.000;1821
10408;FOLIG;1997-01-08 00:00:00.000;1822
10409;OCEAN;1997-01-09 00:00:00.000;1823
10410;BOTTM;1997-01-10 00:00:00.000;1824
10411;BOTTM;1997-01-10 00:00:00.000;1825
10412;WARTH;1997-01-13 00:00:00.000;1826
10413;LAMAI;1997-01-14 00:00:00.000;1827
10414;FAMIA;1997-01-14 00:00:00.000;1828
10415;HUNGC;1997-01-15 00:00:00.000;1829
10416;WARTH;1997-01-16 00:00:00.000;1830
10417;SIMOB;1997-01-16 00:00:00.000;1831
10418;QUICK;1997-01-17 00:00:00.000;1832
10419;RICSU;1997-01-20 00:00:00.000;1833
10420;WELLI;1997-01-21 00:00:00.000;1834
10421;QUEDE;1997-01-21 00:00:00.000;1835
10422;FRANS;1997-01-22 00:00:00.000;1836
10423;GOURL;1997-01-23 00:00:00.000;1837
10424;MEREP;1997-01-23 00:00:00.000;1838
10425;LAMAI;1997-01-24 00:00:00.000;1839
10426;GALED;1997-01-27 00:00:00.000;1840
10427;PICCO;1997-01-27 00:00:00.000;1841
10428;REGGC;1997-01-28 00:00:00.000;1842
10429;HUNGO;1997-01-29 00:00:00.000;1843
10430;ERNSH;1997-01-30 00:00:00.000;1844
10431;BOTTM;1997-01-30 00:00:00.000;1845
10432;SPLIR;1997-01-31 00:00:00.000;1846
10433;PRINI;1997-02-03 00:00:00.000;1847
10434;FOLKO;1997-02-03 00:00:00.000;1848
10435;CONSH;1997-02-04 00:00:00.000;1849
10436;BLONP;1997-02-05 00:00:00.000;1850
10437;WARTH;1997-02-05 00:00:00.000;1851
10438;TOMSP;1997-02-06 00:00:00.000;1852
10439;MEREP;1997-02-07 00:00:00.000;1853
10440;SAVEA;1997-02-10 00:00:00.000;1854
10441;OLDWO;1997-02-10 00:00:00.000;1855
10442;ERNSH;1997-02-11 00:00:00.000;1856
10443;REGGC;1997-02-12 00:00:00.000;1857
10444;BERGS;1997-02-12 00:00:00.000;1858
10445;BERGS;1997-02-13 00:00:00.000;1859
10446;TOMSP;1997-02-14 00:00:00.000;1860
10447;RICAR;1997-02-14 00:00:00.000;1861
10448;RANCH;1997-02-17 00:00:00.000;1862
10449;BLONP;1997-02-18 00:00:00.000;1863
10450;VICTE;1997-02-19 00:00:00.000;1864
10451;QUICK;1997-02-19 00:00:00.000;1865
10452;SAVEA;1997-02-20 00:00:00.000;1866
10453;AROUT;1997-02-21 00:00:00.000;1867
10454;LAMAI;1997-02-21 00:00:00.000;1868
10455;WARTH;1997-02-24 00:00:00.000;1869
10456;KOENE;1997-02-25 00:00:00.000;1870
10457;KOENE;1997-02-25 00:00:00.000;1871
10458;SUPRD;1997-02-26 00:00:00.000;1872
10459;VICTE;1997-02-27 00:00:00.000;1873
10460;FOLKO;1997-02-28 00:00:00.000;1874
10461;LILAS;1997-02-28 00:00:00.000;1875
10462;CONSH;1997-03-03 00:00:00.000;1876
10463;SUPRD;1997-03-04 00:00:00.000;1877
10464;FURIB;1997-03-04 00:00:00.000;1878
10465;VAFFE;1997-03-05 00:00:00.000;1879
10466;COMMI;1997-03-06 00:00:00.000;1880
10467;MAGAA;1997-03-06 00:00:00.000;1881
10468;KOENE;1997-03-07 00:00:00.000;1882
10469;WHITC;1997-03-10 00:00:00.000;1883
10470;BONAP;1997-03-11 00:00:00.000;1884
10471;BSBEV;1997-03-11 00:00:00.000;1885
10472;SEVES;1997-03-12 00:00:00.000;1886
10473;ISLAT;1997-03-13 00:00:00.000;1887
10474;PERIC;1997-03-13 00:00:00.000;1888
10475;SUPRD;1997-03-14 00:00:00.000;1889
10476;HILAA;1997-03-17 00:00:00.000;1890
10477;PRINI;1997-03-17 00:00:00.000;1891
10478;VICTE;1997-03-18 00:00:00.000;1892
10479;RATTC;1997-03-19 00:00:00.000;1893
10480;FOLIG;1997-03-20 00:00:00.000;1894
10481;RICAR;1997-03-20 00:00:00.000;1895
10482;LAZYK;1997-03-21 00:00:00.000;1896
10483;WHITC;1997-03-24 00:00:00.000;1897
10484;BSBEV;1997-03-24 00:00:00.000;1898
10485;LINOD;1997-03-25 00:00:00.000;1899
10486;HILAA;1997-03-26 00:00:00.000;1900
10487;QUEEN;1997-03-26 00:00:00.000;1901
10488;FRANK;1997-03-27 00:00:00.000;1902
10489;PICCO;1997-03-28 00:00:00.000;1903
10490;HILAA;1997-03-31 00:00:00.000;1904
10491;FURIB;1997-03-31 00:00:00.000;1905
10492;BOTTM;1997-04-01 00:00:00.000;1906
10493;LAMAI;1997-04-02 00:00:00.000;1907
10494;COMMI;1997-04-02 00:00:00.000;1908
10495;LAUGB;1997-04-03 00:00:00.000;1909
10496;TRADH;1997-04-04 00:00:00.000;1910
10497;LEHMS;1997-04-04 00:00:00.000;1911
10498;HILAA;1997-04-07 00:00:00.000;1912
10499;LILAS;1997-04-08 00:00:00.000;1913
10500;LAMAI;1997-04-09 00:00:00.000;1914
10501;BLAUS;1997-04-09 00:00:00.000;1915
10502;PERIC;1997-04-10 00:00:00.000;1916
10503;HUNGO;1997-04-11 00:00:00.000;1917
10504;WHITC;1997-04-11 00:00:00.000;1918
10505;MEREP;1997-04-14 00:00:00.000;1919
10506;KOENE;1997-04-15 00:00:00.000;1920
10507;ANTON;1997-04-15 00:00:00.000;1921
10508;OTTIK;1997-04-16 00:00:00.000;1922
10509;BLAUS;1997-04-17 00:00:00.000;1923
10510;SAVEA;1997-04-18 00:00:00.000;1924
10511;BONAP;1997-04-18 00:00:00.000;1925
10512;FAMIA;1997-04-21 00:00:00.000;1926
10513;WANDK;1997-04-22 00:00:00.000;1927
10514;ERNSH;1997-04-22 00:00:00.000;1928
10515;QUICK;1997-04-23 00:00:00.000;1929
10516;HUNGO;1997-04-24 00:00:00.000;1930
10517;NORTS;1997-04-24 00:00:00.000;1931
10518;TORTU;1997-04-25 00:00:00.000;1932
10519;CHOPS;1997-04-28 00:00:00.000;1933
10520;SANTG;1997-04-29 00:00:00.000;1934
10521;CACTU;1997-04-29 00:00:00.000;1935
10522;LEHMS;1997-04-30 00:00:00.000;1936
10523;SEVES;1997-05-01 00:00:00.000;1937
10524;BERGS;1997-05-01 00:00:00.000;1938
10525;BONAP;1997-05-02 00:00:00.000;1939
10526;WARTH;1997-05-05 00:00:00.000;1940
10527;QUICK;1997-05-05 00:00:00.000;1941
10528;GREAL;1997-05-06 00:00:00.000;1942
10529;MAISD;1997-05-07 00:00:00.000;1943
10530;PICCO;1997-05-08 00:00:00.000;1944
10531;OCEAN;1997-05-08 00:00:00.000;1945
10532;EASTC;1997-05-09 00:00:00.000;1946
10533;FOLKO;1997-05-12 00:00:00.000;1947
10534;LEHMS;1997-05-12 00:00:00.000;1948
10535;ANTON;1997-05-13 00:00:00.000;1949
10536;LEHMS;1997-05-14 00:00:00.000;1950
10537;RICSU;1997-05-14 00:00:00.000;1951
10538;BSBEV;1997-05-15 00:00:00.000;1952
10539;BSBEV;1997-05-16 00:00:00.000;1953
10540;QUICK;1997-05-19 00:00:00.000;1954
10541;HANAR;1997-05-19 00:00:00.000;1955
10542;KOENE;1997-05-20 00:00:00.000;1956
10543;LILAS;1997-05-21 00:00:00.000;1957
10544;LONEP;1997-05-21 00:00:00.000;1958
10545;LAZYK;1997-05-22 00:00:00.000;1959
10546;VICTE;1997-05-23 00:00:00.000;1960
10547;SEVES;1997-05-23 00:00:00.000;1961
10548;TOMSP;1997-05-26 00:00:00.000;1962
10549;QUICK;1997-05-27 00:00:00.000;1963
10550;GODOS;1997-05-28 00:00:00.000;1964
10551;FURIB;1997-05-28 00:00:00.000;1965
10552;HILAA;1997-05-29 00:00:00.000;1966
10553;WARTH;1997-05-30 00:00:00.000;1967
10554;OTTIK;1997-05-30 00:00:00.000;1968
10555;SAVEA;1997-06-02 00:00:00.000;1969
10556;SIMOB;1997-06-03 00:00:00.000;1970
10557;LEHMS;1997-06-03 00:00:00.000;1971
10558;AROUT;1997-06-04 00:00:00.000;1972
10559;BLONP;1997-06-05 00:00:00.000;1973
10560;FRANK;1997-06-06 00:00:00.000;1974
10561;FOLKO;1997-06-06 00:00:00.000;1975
10562;REGGC;1997-06-09 00:00:00.000;1976
10563;RICAR;1997-06-10 00:00:00.000;1977
10564;RATTC;1997-06-10 00:00:00.000;1978
10565;MEREP;1997-06-11 00:00:00.000;1979
10566;BLONP;1997-06-12 00:00:00.000;1980
10567;HUNGO;1997-06-12 00:00:00.000;1981
10568;GALED;1997-06-13 00:00:00.000;1982
10569;RATTC;1997-06-16 00:00:00.000;1983
10570;MEREP;1997-06-17 00:00:00.000;1984
10571;ERNSH;1997-06-17 00:00:00.000;1985
10572;BERGS;1997-06-18 00:00:00.000;1986
10573;ANTON;1997-06-19 00:00:00.000;1987
10574;TRAIH;1997-06-19 00:00:00.000;1988
10575;MORGK;1997-06-20 00:00:00.000;1989
10576;TORTU;1997-06-23 00:00:00.000;1990
10577;TRAIH;1997-06-23 00:00:00.000;1991
10578;BSBEV;1997-06-24 00:00:00.000;1992
10579;LETSS;1997-06-25 00:00:00.000;1993
10580;OTTIK;1997-06-26 00:00:00.000;1994
10581;FAMIA;1997-06-26 00:00:00.000;1995
10582;BLAUS;1997-06-27 00:00:00.000;1996
10583;WARTH;1997-06-30 00:00:00.000;1997
10584;BLONP;1997-06-30 00:00:00.000;1998
10585;WELLI;1997-07-01 00:00:00.000;1999
10586;REGGC;1997-07-02 00:00:00.000;2000
10587;QUEDE;1997-07-02 00:00:00.000;2001
10588;QUICK;1997-07-03 00:00:00.000;2002
10589;GREAL;1997-07-04 00:00:00.000;2003
10590;MEREP;1997-07-07 00:00:00.000;2004
10591;VAFFE;1997-07-07 00:00:00.000;2005
10592;LEHMS;1997-07-08 00:00:00.000;2006
10593;LEHMS;1997-07-09 00:00:00.000;2007
10594;OLDWO;1997-07-09 00:00:00.000;2008
10595;ERNSH;1997-07-10 00:00:00.000;2009
10596;WHITC;1997-07-11 00:00:00.000;2010
10597;PICCO;1997-07-11 00:00:00.000;2011
10598;RATTC;1997-07-14 00:00:00.000;2012
10599;BSBEV;1997-07-15 00:00:00.000;2013
10600;HUNGC;1997-07-16 00:00:00.000;2014
10601;HILAA;1997-07-16 00:00:00.000;2015
10602;VAFFE;1997-07-17 00:00:00.000;2016
10603;SAVEA;1997-07-18 00:00:00.000;2017
10604;FURIB;1997-07-18 00:00:00.000;2018
10605;MEREP;1997-07-21 00:00:00.000;2019
10606;TRADH;1997-07-22 00:00:00.000;2020
10607;SAVEA;1997-07-22 00:00:00.000;2021
10608;TOMSP;1997-07-23 00:00:00.000;2022
10609;DUMON;1997-07-24 00:00:00.000;2023
10610;LAMAI;1997-07-25 00:00:00.000;2024
10611;WOLZA;1997-07-25 00:00:00.000;2025
10612;SAVEA;1997-07-28 00:00:00.000;2026
10613;HILAA;1997-07-29 00:00:00.000;2027
10614;BLAUS;1997-07-29 00:00:00.000;2028
10615;WILMK;1997-07-30 00:00:00.000;2029
10616;GREAL;1997-07-31 00:00:00.000;2030
10617;GREAL;1997-07-31 00:00:00.000;2031
10618;MEREP;1997-08-01 00:00:00.000;2032
10619;MEREP;1997-08-04 00:00:00.000;2033
10620;LAUGB;1997-08-05 00:00:00.000;2034
10621;ISLAT;1997-08-05 00:00:00.000;2035
10622;RICAR;1997-08-06 00:00:00.000;2036
10623;FRANK;1997-08-07 00:00:00.000;2037
10624;THECR;1997-08-07 00:00:00.000;2038
10625;ANATR;1997-08-08 00:00:00.000;2039
10626;BERGS;1997-08-11 00:00:00.000;2040
10627;SAVEA;1997-08-11 00:00:00.000;2041
10628;BLONP;1997-08-12 00:00:00.000;2042
10629;GODOS;1997-08-12 00:00:00.000;2043
10630;KOENE;1997-08-13 00:00:00.000;2044
10631;LAMAI;1997-08-14 00:00:00.000;2045
10632;WANDK;1997-08-14 00:00:00.000;2046
10633;ERNSH;1997-08-15 00:00:00.000;2047
10634;FOLIG;1997-08-15 00:00:00.000;2048
10635;MAGAA;1997-08-18 00:00:00.000;2049
10636;WARTH;1997-08-19 00:00:00.000;2050
10637;QUEEN;1997-08-19 00:00:00.000;2051
10638;LINOD;1997-08-20 00:00:00.000;2052
10639;SANTG;1997-08-20 00:00:00.000;2053
10640;WANDK;1997-08-21 00:00:00.000;2054
10641;HILAA;1997-08-22 00:00:00.000;2055
10642;SIMOB;1997-08-22 00:00:00.000;2056
10643;ALFKI;1997-08-25 00:00:00.000;2057
10644;WELLI;1997-08-25 00:00:00.000;2058
10645;HANAR;1997-08-26 00:00:00.000;2059
10646;HUNGO;1997-08-27 00:00:00.000;2060
10647;QUEDE;1997-08-27 00:00:00.000;2061
10648;RICAR;1997-08-28 00:00:00.000;2062
10649;MAISD;1997-08-28 00:00:00.000;2063
10650;FAMIA;1997-08-29 00:00:00.000;2064
10651;WANDK;1997-09-01 00:00:00.000;2065
10652;GOURL;1997-09-01 00:00:00.000;2066
10653;FRANK;1997-09-02 00:00:00.000;2067
10654;BERGS;1997-09-02 00:00:00.000;2068
10655;REGGC;1997-09-03 00:00:00.000;2069
10656;GREAL;1997-09-04 00:00:00.000;2070
10657;SAVEA;1997-09-04 00:00:00.000;2071
10658;QUICK;1997-09-05 00:00:00.000;2072
10659;QUEEN;1997-09-05 00:00:00.000;2073
10660;HUNGC;1997-09-08 00:00:00.000;2074
10661;HUNGO;1997-09-09 00:00:00.000;2075
10662;LONEP;1997-09-09 00:00:00.000;2076
10663;BONAP;1997-09-10 00:00:00.000;2077
10664;FURIB;1997-09-10 00:00:00.000;2078
10665;LONEP;1997-09-11 00:00:00.000;2079
10666;RICSU;1997-09-12 00:00:00.000;2080
10667;ERNSH;1997-09-12 00:00:00.000;2081
10668;WANDK;1997-09-15 00:00:00.000;2082
10669;SIMOB;1997-09-15 00:00:00.000;2083
10670;FRANK;1997-09-16 00:00:00.000;2084
10671;FRANR;1997-09-17 00:00:00.000;2085
10672;BERGS;1997-09-17 00:00:00.000;2086
10673;WILMK;1997-09-18 00:00:00.000;2087
10674;ISLAT;1997-09-18 00:00:00.000;2088
10675;FRANK;1997-09-19 00:00:00.000;2089
10676;TORTU;1997-09-22 00:00:00.000;2090
10677;ANTON;1997-09-22 00:00:00.000;2091
10678;SAVEA;1997-09-23 00:00:00.000;2092
10679;BLONP;1997-09-23 00:00:00.000;2093
10680;OLDWO;1997-09-24 00:00:00.000;2094
10681;GREAL;1997-09-25 00:00:00.000;2095
10682;ANTON;1997-09-25 00:00:00.000;2096
10683;DUMON;1997-09-26 00:00:00.000;2097
10684;OTTIK;1997-09-26 00:00:00.000;2098
10685;GOURL;1997-09-29 00:00:00.000;2099
10686;PICCO;1997-09-30 00:00:00.000;2100
10687;HUNGO;1997-09-30 00:00:00.000;2101
10688;VAFFE;1997-10-01 00:00:00.000;2102
10689;BERGS;1997-10-01 00:00:00.000;2103
10690;HANAR;1997-10-02 00:00:00.000;2104
10691;QUICK;1997-10-03 00:00:00.000;2105
10692;ALFKI;1997-10-03 00:00:00.000;2106
10693;WHITC;1997-10-06 00:00:00.000;2107
10694;QUICK;1997-10-06 00:00:00.000;2108
10695;WILMK;1997-10-07 00:00:00.000;2109
10696;WHITC;1997-10-08 00:00:00.000;2110
10697;LINOD;1997-10-08 00:00:00.000;2111
10698;ERNSH;1997-10-09 00:00:00.000;2112
10699;MORGK;1997-10-09 00:00:00.000;2113
10700;SAVEA;1997-10-10 00:00:00.000;2114
10701;HUNGO;1997-10-13 00:00:00.000;2115
10702;ALFKI;1997-10-13 00:00:00.000;2116
10703;FOLKO;1997-10-14 00:00:00.000;2117
10704;QUEEN;1997-10-14 00:00:00.000;2118
10705;HILAA;1997-10-15 00:00:00.000;2119
10706;OLDWO;1997-10-16 00:00:00.000;2120
10707;AROUT;1997-10-16 00:00:00.000;2121
10708;THEBI;1997-10-17 00:00:00.000;2122
10709;GOURL;1997-10-17 00:00:00.000;2123
10710;FRANS;1997-10-20 00:00:00.000;2124
10711;SAVEA;1997-10-21 00:00:00.000;2125
10712;HUNGO;1997-10-21 00:00:00.000;2126
10713;SAVEA;1997-10-22 00:00:00.000;2127
10714;SAVEA;1997-10-22 00:00:00.000;2128
10715;BONAP;1997-10-23 00:00:00.000;2129
10716;RANCH;1997-10-24 00:00:00.000;2130
10717;FRANK;1997-10-24 00:00:00.000;2131
10718;KOENE;1997-10-27 00:00:00.000;2132
10719;LETSS;1997-10-27 00:00:00.000;2133
10720;QUEDE;1997-10-28 00:00:00.000;2134
10721;QUICK;1997-10-29 00:00:00.000;2135
10722;SAVEA;1997-10-29 00:00:00.000;2136
10723;WHITC;1997-10-30 00:00:00.000;2137
10724;MEREP;1997-10-30 00:00:00.000;2138
10725;FAMIA;1997-10-31 00:00:00.000;2139
10726;EASTC;1997-11-03 00:00:00.000;2140
10727;REGGC;1997-11-03 00:00:00.000;2141
10728;QUEEN;1997-11-04 00:00:00.000;2142
10729;LINOD;1997-11-04 00:00:00.000;2143
10730;BONAP;1997-11-05 00:00:00.000;2144
10731;CHOPS;1997-11-06 00:00:00.000;2145
10732;BONAP;1997-11-06 00:00:00.000;2146
10733;BERGS;1997-11-07 00:00:00.000;2147
10734;GOURL;1997-11-07 00:00:00.000;2148
10735;LETSS;1997-11-10 00:00:00.000;2149
10736;HUNGO;1997-11-11 00:00:00.000;2150
10737;VINET;1997-11-11 00:00:00.000;2151
10738;SPECD;1997-11-12 00:00:00.000;2152
10739;VINET;1997-11-12 00:00:00.000;2153
10740;WHITC;1997-11-13 00:00:00.000;2154
10741;AROUT;1997-11-14 00:00:00.000;2155
10742;BOTTM;1997-11-14 00:00:00.000;2156
10743;AROUT;1997-11-17 00:00:00.000;2157
10744;VAFFE;1997-11-17 00:00:00.000;2158
10745;QUICK;1997-11-18 00:00:00.000;2159
10746;CHOPS;1997-11-19 00:00:00.000;2160
10747;PICCO;1997-11-19 00:00:00.000;2161
10748;SAVEA;1997-11-20 00:00:00.000;2162
10749;ISLAT;1997-11-20 00:00:00.000;2163
10750;WARTH;1997-11-21 00:00:00.000;2164
10751;RICSU;1997-11-24 00:00:00.000;2165
10752;NORTS;1997-11-24 00:00:00.000;2166
10753;FRANS;1997-11-25 00:00:00.000;2167
10754;MAGAA;1997-11-25 00:00:00.000;2168
10755;BONAP;1997-11-26 00:00:00.000;2169
10756;SPLIR;1997-11-27 00:00:00.000;2170
10757;SAVEA;1997-11-27 00:00:00.000;2171
10758;RICSU;1997-11-28 00:00:00.000;2172
10759;ANATR;1997-11-28 00:00:00.000;2173
10760;MAISD;1997-12-01 00:00:00.000;2174
10761;RATTC;1997-12-02 00:00:00.000;2175
10762;FOLKO;1997-12-02 00:00:00.000;2176
10763;FOLIG;1997-12-03 00:00:00.000;2177
10764;ERNSH;1997-12-03 00:00:00.000;2178
10765;QUICK;1997-12-04 00:00:00.000;2179
10766;OTTIK;1997-12-05 00:00:00.000;2180
10767;SUPRD;1997-12-05 00:00:00.000;2181
10768;AROUT;1997-12-08 00:00:00.000;2182
10769;VAFFE;1997-12-08 00:00:00.000;2183
10770;HANAR;1997-12-09 00:00:00.000;2184
10771;ERNSH;1997-12-10 00:00:00.000;2185
10772;LEHMS;1997-12-10 00:00:00.000;2186
10773;ERNSH;1997-12-11 00:00:00.000;2187
10774;FOLKO;1997-12-11 00:00:00.000;2188
10775;THECR;1997-12-12 00:00:00.000;2189
10776;ERNSH;1997-12-15 00:00:00.000;2190
10777;GOURL;1997-12-15 00:00:00.000;2191
10778;BERGS;1997-12-16 00:00:00.000;2192
10779;MORGK;1997-12-16 00:00:00.000;2193
10780;LILAS;1997-12-16 00:00:00.000;2194
10781;WARTH;1997-12-17 00:00:00.000;2195
10782;CACTU;1997-12-17 00:00:00.000;2196
10783;HANAR;1997-12-18 00:00:00.000;2197
10784;MAGAA;1997-12-18 00:00:00.000;2198
10785;GROSR;1997-12-18 00:00:00.000;2199
10786;QUEEN;1997-12-19 00:00:00.000;2200
10787;LAMAI;1997-12-19 00:00:00.000;2201
10788;QUICK;1997-12-22 00:00:00.000;2202
10789;FOLIG;1997-12-22 00:00:00.000;2203
10790;GOURL;1997-12-22 00:00:00.000;2204
10791;FRANK;1997-12-23 00:00:00.000;2205
10792;WOLZA;1997-12-23 00:00:00.000;2206
10793;AROUT;1997-12-24 00:00:00.000;2207
10794;QUEDE;1997-12-24 00:00:00.000;2208
10795;ERNSH;1997-12-24 00:00:00.000;2209
10796;HILAA;1997-12-25 00:00:00.000;2210
10797;DRACD;1997-12-25 00:00:00.000;2211
10798;ISLAT;1997-12-26 00:00:00.000;2212
10799;KOENE;1997-12-26 00:00:00.000;2213
10800;SEVES;1997-12-26 00:00:00.000;2214
10801;BOLID;1997-12-29 00:00:00.000;2215
10802;SIMOB;1997-12-29 00:00:00.000;2216
10803;WELLI;1997-12-30 00:00:00.000;2217
10804;SEVES;1997-12-30 00:00:00.000;2218
10805;THEBI;1997-12-30 00:00:00.000;2219
10806;VICTE;1997-12-31 00:00:00.000;2220
10807;FRANS;1997-12-31 00:00:00.000;2221
10808;OLDWO;1998-01-01 00:00:00.000;2222
10809;WELLI;1998-01-01 00:00:00.000;2223
10810;LAUGB;1998-01-01 00:00:00.000;2224
10811;LINOD;1998-01-02 00:00:00.000;2225
10812;REGGC;1998-01-02 00:00:00.000;2226
10813;RICAR;1998-01-05 00:00:00.000;2227
10814;VICTE;1998-01-05 00:00:00.000;2228
10815;SAVEA;1998-01-05 00:00:00.000;2229
10816;GREAL;1998-01-06 00:00:00.000;2230
10817;KOENE;1998-01-06 00:00:00.000;2231
10818;MAGAA;1998-01-07 00:00:00.000;2232
10819;CACTU;1998-01-07 00:00:00.000;2233
10820;RATTC;1998-01-07 00:00:00.000;2234
10821;SPLIR;1998-01-08 00:00:00.000;2235
10822;TRAIH;1998-01-08 00:00:00.000;2236
10823;LILAS;1998-01-09 00:00:00.000;2237
10824;FOLKO;1998-01-09 00:00:00.000;2238
10825;DRACD;1998-01-09 00:00:00.000;2239
10826;BLONP;1998-01-12 00:00:00.000;2240
10827;BONAP;1998-01-12 00:00:00.000;2241
10828;RANCH;1998-01-13 00:00:00.000;2242
10829;ISLAT;1998-01-13 00:00:00.000;2243
10830;TRADH;1998-01-13 00:00:00.000;2244
10831;SANTG;1998-01-14 00:00:00.000;2245
10832;LAMAI;1998-01-14 00:00:00.000;2246
10833;OTTIK;1998-01-15 00:00:00.000;2247
10834;TRADH;1998-01-15 00:00:00.000;2248
10835;ALFKI;1998-01-15 00:00:00.000;2249
10836;ERNSH;1998-01-16 00:00:00.000;2250
10837;BERGS;1998-01-16 00:00:00.000;2251
10838;LINOD;1998-01-19 00:00:00.000;2252
10839;TRADH;1998-01-19 00:00:00.000;2253
10840;LINOD;1998-01-19 00:00:00.000;2254
10841;SUPRD;1998-01-20 00:00:00.000;2255
10842;TORTU;1998-01-20 00:00:00.000;2256
10843;VICTE;1998-01-21 00:00:00.000;2257
10844;PICCO;1998-01-21 00:00:00.000;2258
10845;QUICK;1998-01-21 00:00:00.000;2259
10846;SUPRD;1998-01-22 00:00:00.000;2260
10847;SAVEA;1998-01-22 00:00:00.000;2261
10848;CONSH;1998-01-23 00:00:00.000;2262
10849;KOENE;1998-01-23 00:00:00.000;2263
10850;VICTE;1998-01-23 00:00:00.000;2264
10851;RICAR;1998-01-26 00:00:00.000;2265
10852;RATTC;1998-01-26 00:00:00.000;2266
10853;BLAUS;1998-01-27 00:00:00.000;2267
10854;ERNSH;1998-01-27 00:00:00.000;2268
10855;OLDWO;1998-01-27 00:00:00.000;2269
10856;ANTON;1998-01-28 00:00:00.000;2270
10857;BERGS;1998-01-28 00:00:00.000;2271
10858;LACOR;1998-01-29 00:00:00.000;2272
10859;FRANK;1998-01-29 00:00:00.000;2273
10860;FRANR;1998-01-29 00:00:00.000;2274
10861;WHITC;1998-01-30 00:00:00.000;2275
10862;LEHMS;1998-01-30 00:00:00.000;2276
10863;HILAA;1998-02-02 00:00:00.000;2277
10864;AROUT;1998-02-02 00:00:00.000;2278
10865;QUICK;1998-02-02 00:00:00.000;2279
10866;BERGS;1998-02-03 00:00:00.000;2280
10867;LONEP;1998-02-03 00:00:00.000;2281
10868;QUEEN;1998-02-04 00:00:00.000;2282
10869;SEVES;1998-02-04 00:00:00.000;2283
10870;WOLZA;1998-02-04 00:00:00.000;2284
10871;BONAP;1998-02-05 00:00:00.000;2285
10872;GODOS;1998-02-05 00:00:00.000;2286
10873;WILMK;1998-02-06 00:00:00.000;2287
10874;GODOS;1998-02-06 00:00:00.000;2288
10875;BERGS;1998-02-06 00:00:00.000;2289
10876;BONAP;1998-02-09 00:00:00.000;2290
10877;RICAR;1998-02-09 00:00:00.000;2291
10878;QUICK;1998-02-10 00:00:00.000;2292
10879;WILMK;1998-02-10 00:00:00.000;2293
10880;FOLKO;1998-02-10 00:00:00.000;2294
10881;CACTU;1998-02-11 00:00:00.000;2295
10882;SAVEA;1998-02-11 00:00:00.000;2296
10883;LONEP;1998-02-12 00:00:00.000;2297
10884;LETSS;1998-02-12 00:00:00.000;2298
10885;SUPRD;1998-02-12 00:00:00.000;2299
10886;HANAR;1998-02-13 00:00:00.000;2300
10887;GALED;1998-02-13 00:00:00.000;2301
10888;GODOS;1998-02-16 00:00:00.000;2302
10889;RATTC;1998-02-16 00:00:00.000;2303
10890;DUMON;1998-02-16 00:00:00.000;2304
10891;LEHMS;1998-02-17 00:00:00.000;2305
10892;MAISD;1998-02-17 00:00:00.000;2306
10893;KOENE;1998-02-18 00:00:00.000;2307
10894;SAVEA;1998-02-18 00:00:00.000;2308
10895;ERNSH;1998-02-18 00:00:00.000;2309
10896;MAISD;1998-02-19 00:00:00.000;2310
10897;HUNGO;1998-02-19 00:00:00.000;2311
10898;OCEAN;1998-02-20 00:00:00.000;2312
10899;LILAS;1998-02-20 00:00:00.000;2313
10900;WELLI;1998-02-20 00:00:00.000;2314
10901;HILAA;1998-02-23 00:00:00.000;2315
10902;FOLKO;1998-02-23 00:00:00.000;2316
10903;HANAR;1998-02-24 00:00:00.000;2317
10904;WHITC;1998-02-24 00:00:00.000;2318
10905;WELLI;1998-02-24 00:00:00.000;2319
10906;WOLZA;1998-02-25 00:00:00.000;2320
10907;SPECD;1998-02-25 00:00:00.000;2321
10908;REGGC;1998-02-26 00:00:00.000;2322
10909;SANTG;1998-02-26 00:00:00.000;2323
10910;WILMK;1998-02-26 00:00:00.000;2324
10911;GODOS;1998-02-26 00:00:00.000;2325
10912;HUNGO;1998-02-26 00:00:00.000;2326
10913;QUEEN;1998-02-26 00:00:00.000;2327
10914;QUEEN;1998-02-27 00:00:00.000;2328
10915;TORTU;1998-02-27 00:00:00.000;2329
10916;RANCH;1998-02-27 00:00:00.000;2330
10917;ROMEY;1998-03-02 00:00:00.000;2331
10918;BOTTM;1998-03-02 00:00:00.000;2332
10919;LINOD;1998-03-02 00:00:00.000;2333
10920;AROUT;1998-03-03 00:00:00.000;2334
10921;VAFFE;1998-03-03 00:00:00.000;2335
10922;HANAR;1998-03-03 00:00:00.000;2336
10923;LAMAI;1998-03-03 00:00:00.000;2337
10924;BERGS;1998-03-04 00:00:00.000;2338
10925;HANAR;1998-03-04 00:00:00.000;2339
10926;ANATR;1998-03-04 00:00:00.000;2340
10927;LACOR;1998-03-05 00:00:00.000;2341
10928;GALED;1998-03-05 00:00:00.000;2342
10929;FRANK;1998-03-05 00:00:00.000;2343
10930;SUPRD;1998-03-06 00:00:00.000;2344
10931;RICSU;1998-03-06 00:00:00.000;2345
10932;BONAP;1998-03-06 00:00:00.000;2346
10933;ISLAT;1998-03-06 00:00:00.000;2347
10934;LEHMS;1998-03-09 00:00:00.000;2348
10935;WELLI;1998-03-09 00:00:00.000;2349
10936;GREAL;1998-03-09 00:00:00.000;2350
10937;CACTU;1998-03-10 00:00:00.000;2351
10938;QUICK;1998-03-10 00:00:00.000;2352
10939;MAGAA;1998-03-10 00:00:00.000;2353
10940;BONAP;1998-03-11 00:00:00.000;2354
10941;SAVEA;1998-03-11 00:00:00.000;2355
10942;REGGC;1998-03-11 00:00:00.000;2356
10943;BSBEV;1998-03-11 00:00:00.000;2357
10944;BOTTM;1998-03-12 00:00:00.000;2358
10945;MORGK;1998-03-12 00:00:00.000;2359
10946;VAFFE;1998-03-12 00:00:00.000;2360
10947;BSBEV;1998-03-13 00:00:00.000;2361
10948;GODOS;1998-03-13 00:00:00.000;2362
10949;BOTTM;1998-03-13 00:00:00.000;2363
10950;MAGAA;1998-03-16 00:00:00.000;2364
10951;RICSU;1998-03-16 00:00:00.000;2365
10952;ALFKI;1998-03-16 00:00:00.000;2366
10953;AROUT;1998-03-16 00:00:00.000;2367
10954;LINOD;1998-03-17 00:00:00.000;2368
10955;FOLKO;1998-03-17 00:00:00.000;2369
10956;BLAUS;1998-03-17 00:00:00.000;2370
10957;HILAA;1998-03-18 00:00:00.000;2371
10958;OCEAN;1998-03-18 00:00:00.000;2372
10959;GOURL;1998-03-18 00:00:00.000;2373
10960;HILAA;1998-03-19 00:00:00.000;2374
10961;QUEEN;1998-03-19 00:00:00.000;2375
10962;QUICK;1998-03-19 00:00:00.000;2376
10963;FURIB;1998-03-19 00:00:00.000;2377
10964;SPECD;1998-03-20 00:00:00.000;2378
10965;OLDWO;1998-03-20 00:00:00.000;2379
10966;CHOPS;1998-03-20 00:00:00.000;2380
10967;TOMSP;1998-03-23 00:00:00.000;2381
10968;ERNSH;1998-03-23 00:00:00.000;2382
10969;COMMI;1998-03-23 00:00:00.000;2383
10970;BOLID;1998-03-24 00:00:00.000;2384
10971;FRANR;1998-03-24 00:00:00.000;2385
10972;LACOR;1998-03-24 00:00:00.000;2386
10973;LACOR;1998-03-24 00:00:00.000;2387
10974;SPLIR;1998-03-25 00:00:00.000;2388
10975;BOTTM;1998-03-25 00:00:00.000;2389
10976;HILAA;1998-03-25 00:00:00.000;2390
10977;FOLKO;1998-03-26 00:00:00.000;2391
10978;MAISD;1998-03-26 00:00:00.000;2392
10979;ERNSH;1998-03-26 00:00:00.000;2393
10980;FOLKO;1998-03-27 00:00:00.000;2394
10981;HANAR;1998-03-27 00:00:00.000;2395
10982;BOTTM;1998-03-27 00:00:00.000;2396
10983;SAVEA;1998-03-27 00:00:00.000;2397
10984;SAVEA;1998-03-30 00:00:00.000;2398
10985;HUNGO;1998-03-30 00:00:00.000;2399
10986;OCEAN;1998-03-30 00:00:00.000;2400
10987;EASTC;1998-03-31 00:00:00.000;2401
10988;RATTC;1998-03-31 00:00:00.000;2402
10989;QUEDE;1998-03-31 00:00:00.000;2403
10990;ERNSH;1998-04-01 00:00:00.000;2404
10991;QUICK;1998-04-01 00:00:00.000;2405
10992;THEBI;1998-04-01 00:00:00.000;2406
10993;FOLKO;1998-04-01 00:00:00.000;2407
10994;VAFFE;1998-04-02 00:00:00.000;2408
10995;PERIC;1998-04-02 00:00:00.000;2409
10996;QUICK;1998-04-02 00:00:00.000;2410
10997;LILAS;1998-04-03 00:00:00.000;2411
10998;WOLZA;1998-04-03 00:00:00.000;2412
10999;OTTIK;1998-04-03 00:00:00.000;2413
11000;RATTC;1998-04-06 00:00:00.000;2414
11001;FOLKO;1998-04-06 00:00:00.000;2415
11002;SAVEA;1998-04-06 00:00:00.000;2416
11003;THECR;1998-04-06 00:00:00.000;2417
11004;MAISD;1998-04-07 00:00:00.000;2418
11005;WILMK;1998-04-07 00:00:00.000;2419
11006;GREAL;1998-04-07 00:00:00.000;2420
11007;PRINI;1998-04-08 00:00:00.000;2421
11008;ERNSH;1998-04-08 00:00:00.000;2422
11009;GODOS;1998-04-08 00:00:00.000;2423
11010;REGGC;1998-04-09 00:00:00.000;2424
11011;ALFKI;1998-04-09 00:00:00.000;2425
11012;FRANK;1998-04-09 00:00:00.000;2426
11013;ROMEY;1998-04-09 00:00:00.000;2427
11014;LINOD;1998-04-10 00:00:00.000;2428
11015;SANTG;1998-04-10 00:00:00.000;2429
11016;AROUT;1998-04-10 00:00:00.000;2430
11017;ERNSH;1998-04-13 00:00:00.000;2431
11018;LONEP;1998-04-13 00:00:00.000;2432
11019;RANCH;1998-04-13 00:00:00.000;2433
11020;OTTIK;1998-04-14 00:00:00.000;2434
11021;QUICK;1998-04-14 00:00:00.000;2435
11022;HANAR;1998-04-14 00:00:00.000;2436
11023;BSBEV;1998-04-14 00:00:00.000;2437
11024;EASTC;1998-04-15 00:00:00.000;2438
11025;WARTH;1998-04-15 00:00:00.000;2439
11026;FRANS;1998-04-15 00:00:00.000;2440
11027;BOTTM;1998-04-16 00:00:00.000;2441
11028;KOENE;1998-04-16 00:00:00.000;2442
11029;CHOPS;1998-04-16 00:00:00.000;2443
11030;SAVEA;1998-04-17 00:00:00.000;2444
11031;SAVEA;1998-04-17 00:00:00.000;2445
11032;WHITC;1998-04-17 00:00:00.000;2446
11033;RICSU;1998-04-17 00:00:00.000;2447
11034;OLDWO;1998-04-20 00:00:00.000;2448
11035;SUPRD;1998-04-20 00:00:00.000;2449
11036;DRACD;1998-04-20 00:00:00.000;2450
11037;GODOS;1998-04-21 00:00:00.000;2451
11038;SUPRD;1998-04-21 00:00:00.000;2452
11039;LINOD;1998-04-21 00:00:00.000;2453
11040;GREAL;1998-04-22 00:00:00.000;2454
11041;CHOPS;1998-04-22 00:00:00.000;2455
11042;COMMI;1998-04-22 00:00:00.000;2456
11043;SPECD;1998-04-22 00:00:00.000;2457
11044;WOLZA;1998-04-23 00:00:00.000;2458
11045;BOTTM;1998-04-23 00:00:00.000;2459
11046;WANDK;1998-04-23 00:00:00.000;2460
11047;EASTC;1998-04-24 00:00:00.000;2461
11048;BOTTM;1998-04-24 00:00:00.000;2462
11049;GOURL;1998-04-24 00:00:00.000;2463
11050;FOLKO;1998-04-27 00:00:00.000;2464
11051;LAMAI;1998-04-27 00:00:00.000;2465
11052;HANAR;1998-04-27 00:00:00.000;2466
11053;PICCO;1998-04-27 00:00:00.000;2467
11054;CACTU;1998-04-28 00:00:00.000;2468
11055;HILAA;1998-04-28 00:00:00.000;2469
11056;EASTC;1998-04-28 00:00:00.000;2470
11057;NORTS;1998-04-29 00:00:00.000;2471
11058;BLAUS;1998-04-29 00:00:00.000;2472
11059;RICAR;1998-04-29 00:00:00.000;2473
11060;FRANS;1998-04-30 00:00:00.000;2474
11061;GREAL;1998-04-30 00:00:00.000;2475
11062;REGGC;1998-04-30 00:00:00.000;2476
11063;HUNGO;1998-04-30 00:00:00.000;2477
11064;SAVEA;1998-05-01 00:00:00.000;2478
11065;LILAS;1998-05-01 00:00:00.000;2479
11066;WHITC;1998-05-01 00:00:00.000;2480
11067;DRACD;1998-05-04 00:00:00.000;2481
11068;QUEEN;1998-05-04 00:00:00.000;2482
11069;TORTU;1998-05-04 00:00:00.000;2483
11070;LEHMS;1998-05-05 00:00:00.000;2484
11071;LILAS;1998-05-05 00:00:00.000;2485
11072;ERNSH;1998-05-05 00:00:00.000;2486
11073;PERIC;1998-05-05 00:00:00.000;2487
11074;SIMOB;1998-05-06 00:00:00.000;2488
11075;RICSU;1998-05-06 00:00:00.000;2489
11076;BONAP;1998-05-06 00:00:00.000;2490
11077;RATTC;1998-05-06 00:00:00.000;2491
