10248;VINET;1996-07-04 00:00:00.000;1
10249;TOMSP;1996-07-05 00:00:00.000;2
10250;HANAR;1996-07-08 00:00:00.000;3
10251;VICTE;1996-07-08 00:00:00.000;4
10252;SUPRD;1996-07-09 00:00:00.000;5
10253;HANAR;1996-07-10 00:00:00.000;6
10254;CHOPS;1996-07-11 00:00:00.000;7
10255;RICSU;1996-07-12 00:00:00.000;8
10256;WELLI;1996-07-15 00:00:00.000;9
10257;HILAA;1996-07-16 00:00:00.000;10
10258;ERNSH;1996-07-17 00:00:00.000;11
10259;CENTC;1996-07-18 00:00:00.000;12
10260;OTTIK;1996-07-19 00:00:00.000;13
10261;QUEDE;1996-07-19 00:00:00.000;14
10262;RATTC;1996-07-22 00:00:00.000;15
10263;ERNSH;1996-07-23 00:00:00.000;16
10264;FOLKO;1996-07-24 00:00:00.000;17
10265;BLONP;1996-07-25 00:00:00.000;18
10266;WARTH;1996-07-26 00:00:00.000;19
10267;FRANK;1996-07-29 00:00:00.000;20
10268;GROSR;1996-07-30 00:00:00.000;21
10269;WHITC;1996-07-31 00:00:00.000;22
10270;WARTH;1996-08-01 00:00:00.000;23
10271;SPLIR;1996-08-01 00:00:00.000;24
10272;RATTC;1996-08-02 00:00:00.000;25
10273;QUICK;1996-08-05 00:00:00.000;26
10274;VINET;1996-08-06 00:00:00.000;27
10275;MAGAA;1996-08-07 00:00:00.000;28
10276;TORTU;1996-08-08 00:00:00.000;29
10277;MORGK;1996-08-09 00:00:00.000;30
10278;BERGS;1996-08-12 00:00:00.000;31
10279;LEHMS;1996-08-13 00:00:00.000;32
10280;BERGS;1996-08-14 00:00:00.000;33
10281;ROMEY;1996-08-14 00:00:00.000;34
10282;ROMEY;1996-08-15 00:00:00.000;35
10283;LILAS;1996-08-16 00:00:00.000;36
10284;LEHMS;1996-08-19 00:00:00.000;37
10285;QUICK;1996-08-20 00:00:00.000;38
10286;QUICK;1996-08-21 00:00:00.000;39
10287;RICAR;1996-08-22 00:00:00.000;40
10288;REGGC;1996-08-23 00:00:00.000;41
10289;BSBEV;1996-08-26 00:00:00.000;42
10290;COMMI;1996-08-27 00:00:00.000;43
10291;QUEDE;1996-08-27 00:00:00.000;44
10292;TRADH;1996-08-28 00:00:00.000;45
10293;TORTU;1996-08-29 00:00:00.000;46
10294;RATTC;1996-08-30 00:00:00.000;47
10295;VINET;1996-09-02 00:00:00.000;48
10296;LILAS;1996-09-03 00:00:00.000;49
10297;BLONP;1996-09-04 00:00:00.000;50
10298;HUNGO;1996-09-05 00:00:00.000;51
10299;RICAR;1996-09-06 00:00:00.000;52
10300;MAGAA;1996-09-09 00:00:00.000;53
10301;WANDK;1996-09-09 00:00:00.000;54
10302;SUPRD;1996-09-10 00:00:00.000;55
10303;GODOS;1996-09-11 00:00:00.000;56
10304;TORTU;1996-09-12 00:00:00.000;57
10305;OLDWO;1996-09-13 00:00:00.000;58
10306;ROMEY;1996-09-16 00:00:00.000;59
10307;LONEP;1996-09-17 00:00:00.000;60
10308;ANATR;1996-09-18 00:00:00.000;61
10309;HUNGO;1996-09-19 00:00:00.000;62
10310;THEBI;1996-09-20 00:00:00.000;63
10311;DUMON;1996-09-20 00:00:00.000;64
10312;WANDK;1996-09-23 00:00:00.000;65
10313;QUICK;1996-09-24 00:00:00.000;66
10314;RATTC;1996-09-25 00:00:00.000;67
10315;ISLAT;1996-09-26 00:00:00.000;68
10316;RATTC;1996-09-27 00:00:00.000;69
10317;LONEP;1996-09-30 00:00:00.000;70
10318;ISLAT;1996-10-01 00:00:00.000;71
10319;TORTU;1996-10-02 00:00:00.000;72
10320;WARTH;1996-10-03 00:00:00.000;73
10321;ISLAT;1996-10-03 00:00:00.000;74
10322;PERIC;1996-10-04 00:00:00.000;75
10323;KOENE;1996-10-07 00:00:00.000;76
10324;SAVEA;1996-10-08 00:00:00.000;77
10325;KOENE;1996-10-09 00:00:00.000;78
10326;BOLID;1996-10-10 00:00:00.000;79
10327;FOLKO;1996-10-11 00:00:00.000;80
10328;FURIB;1996-10-14 00:00:00.000;81
10329;SPLIR;1996-10-15 00:00:00.000;82
10330;LILAS;1996-10-16 00:00:00.000;83
10331;BONAP;1996-10-16 00:00:00.000;84
10332;MEREP;1996-10-17 00:00:00.000;85
10333;WARTH;1996-10-18 00:00:00.000;86
10334;VICTE;1996-10-21 00:00:00.000;87
10335;HUNGO;1996-10-22 00:00:00.000;88
10336;PRINI;1996-10-23 00:00:00.000;89
10337;FRANK;1996-10-24 00:00:00.000;90
10338;OLDWO;1996-10-25 00:00:00.000;91
10339;MEREP;1996-10-28 00:00:00.000;92
10340;BONAP;1996-10-29 00:00:00.000;93
10341;SIMOB;1996-10-29 00:00:00.000;94
10342;FRANK;1996-10-30 00:00:00.000;95
10343;LEHMS;1996-10-31 00:00:00.000;96
10344;WHITC;1996-11-01 00:00:00.000;97
10345;QUICK;1996-11-04 00:00:00.000;98
10346;RATTC;1996-11-05 00:00:00.000;99
10347;FAMIA;1996-11-06 00:00:00.000;100
10348;WANDK;1996-11-07 00:00:00.000;101
10349;SPLIR;1996-11-08 00:00:00.000;102
10350;LAMAI;1996-11-11 00:00:00.000;103
10351;ERNSH;1996-11-11 00:00:00.000;104
10352;FURIB;1996-11-12 00:00:00.000;105
10353;PICCO;1996-11-13 00:00:00.000;106
10354;PERIC;1996-11-14 00:00:00.000;107
10355;AROUT;1996-11-15 00:00:00.000;108
10356;WANDK;1996-11-18 00:00:00.000;109
10357;LILAS;1996-11-19 00:00:00.000;110
10358;LAMAI;1996-11-20 00:00:00.000;111
10359;SEVES;1996-11-21 00:00:00.000;112
10360;BLONP;1996-11-22 00:00:00.000;113
10361;QUICK;1996-11-22 00:00:00.000;114
10362;BONAP;1996-11-25 00:00:00.000;115
10363;DRACD;1996-11-26 00:00:00.000;116
10364;EASTC;1996-11-26 00:00:00.000;117
10365;ANTON;1996-11-27 00:00:00.000;118
10366;GALED;1996-11-28 00:00:00.000;119
10367;VAFFE;1996-11-28 00:00:00.000;120
10368;ERNSH;1996-11-29 00:00:00.000;121
10369;SPLIR;1996-12-02 00:00:00.000;122
10370;CHOPS;1996-12-03 00:00:00.000;123
10371;LAMAI;1996-12-03 00:00:00.000;124
10372;QUEEN;1996-12-04 00:00:00.000;125
10373;HUNGO;1996-12-05 00:00:00.000;126
10374;WOLZA;1996-12-05 00:00:00.000;127
10375;HUNGC;1996-12-06 00:00:00.000;128
10376;MEREP;1996-12-09 00:00:00.000;129
10377;SEVES;1996-12-09 00:00:00.000;130
10378;FOLKO;1996-12-10 00:00:00.000;131
10379;QUEDE;1996-12-11 00:00:00.000;132
10380;HUNGO;1996-12-12 00:00:00.000;133
10381;LILAS;1996-12-12 00:00:00.000;134
10382;ERNSH;1996-12-13 00:00:00.000;135
10383;AROUT;1996-12-16 00:00:00.000;136
10384;BERGS;1996-12-16 00:00:00.000;137
10385;SPLIR;1996-12-17 00:00:00.000;138
10386;FAMIA;1996-12-18 00:00:00.000;139
10387;SANTG;1996-12-18 00:00:00.000;140
10388;SEVES;1996-12-19 00:00:00.000;141
10389;BOTTM;1996-12-20 00:00:00.000;142
10390;ERNSH;1996-12-23 00:00:00.000;143
10391;DRACD;1996-12-23 00:00:00.000;144
10392;PICCO;1996-12-24 00:00:00.000;145
10393;SAVEA;1996-12-25 00:00:00.000;146
10394;HUNGC;1996-12-25 00:00:00.000;147
10395;HILAA;1996-12-26 00:00:00.000;148
10396;FRANK;1996-12-27 00:00:00.000;149
10397;PRINI;1996-12-27 00:00:00.000;150
10398;SAVEA;1996-12-30 00:00:00.000;151
10399;VAFFE;1996-12-31 00:00:00.000;152
10400;EASTC;1997-01-01 00:00:00.000;153
10401;RATTC;1997-01-01 00:00:00.000;154
10402;ERNSH;1997-01-02 00:00:00.000;155
10403;ERNSH;1997-01-03 00:00:00.000;156
10404;MAGAA;1997-01-03 00:00:00.000;157
10405;LINOD;1997-01-06 00:00:00.000;158
10406;QUEEN;1997-01-07 00:00:00.000;159
10407;OTTIK;1997-01-07 00:00:00.000;160
10408;FOLIG;1997-01-08 00:00:00.000;161
10409;OCEAN;1997-01-09 00:00:00.000;162
10410;BOTTM;1997-01-10 00:00:00.000;163
10411;BOTTM;1997-01-10 00:00:00.000;164
10412;WARTH;1997-01-13 00:00:00.000;165
10413;LAMAI;1997-01-14 00:00:00.000;166
10414;FAMIA;1997-01-14 00:00:00.000;167
10415;HUNGC;1997-01-15 00:00:00.000;168
10416;WARTH;1997-01-16 00:00:00.000;169
10417;SIMOB;1997-01-16 00:00:00.000;170
10418;QUICK;1997-01-17 00:00:00.000;171
10419;RICSU;1997-01-20 00:00:00.000;172
10420;WELLI;1997-01-21 00:00:00.000;173
10421;QUEDE;1997-01-21 00:00:00.000;174
10422;FRANS;1997-01-22 00:00:00.000;175
10423;GOURL;1997-01-23 00:00:00.000;176
10424;MEREP;1997-01-23 00:00:00.000;177
10425;LAMAI;1997-01-24 00:00:00.000;178
10426;GALED;1997-01-27 00:00:00.000;179
10427;PICCO;1997-01-27 00:00:00.000;180
10428;REGGC;1997-01-28 00:00:00.000;181
10429;HUNGO;1997-01-29 00:00:00.000;182
10430;ERNSH;1997-01-30 00:00:00.000;183
10431;BOTTM;1997-01-30 00:00:00.000;184
10432;SPLIR;1997-01-31 00:00:00.000;185
10433;PRINI;1997-02-03 00:00:00.000;186
10434;FOLKO;1997-02-03 00:00:00.000;187
10435;CONSH;1997-02-04 00:00:00.000;188
10436;BLONP;1997-02-05 00:00:00.000;189
10437;WARTH;1997-02-05 00:00:00.000;190
10438;TOMSP;1997-02-06 00:00:00.000;191
10439;MEREP;1997-02-07 00:00:00.000;192
10440;SAVEA;1997-02-10 00:00:00.000;193
10441;OLDWO;1997-02-10 00:00:00.000;194
10442;ERNSH;1997-02-11 00:00:00.000;195
10443;REGGC;1997-02-12 00:00:00.000;196
10444;BERGS;1997-02-12 00:00:00.000;197
10445;BERGS;1997-02-13 00:00:00.000;198
10446;TOMSP;1997-02-14 00:00:00.000;199
10447;RICAR;1997-02-14 00:00:00.000;200
10448;RANCH;1997-02-17 00:00:00.000;201
10449;BLONP;1997-02-18 00:00:00.000;202
10450;VICTE;1997-02-19 00:00:00.000;203
10451;QUICK;1997-02-19 00:00:00.000;204
10452;SAVEA;1997-02-20 00:00:00.000;205
10453;AROUT;1997-02-21 00:00:00.000;206
10454;LAMAI;1997-02-21 00:00:00.000;207
10455;WARTH;1997-02-24 00:00:00.000;208
10456;KOENE;1997-02-25 00:00:00.000;209
10457;KOENE;1997-02-25 00:00:00.000;210
10458;SUPRD;1997-02-26 00:00:00.000;211
10459;VICTE;1997-02-27 00:00:00.000;212
10460;FOLKO;1997-02-28 00:00:00.000;213
10461;LILAS;1997-02-28 00:00:00.000;214
10462;CONSH;1997-03-03 00:00:00.000;215
10463;SUPRD;1997-03-04 00:00:00.000;216
10464;FURIB;1997-03-04 00:00:00.000;217
10465;VAFFE;1997-03-05 00:00:00.000;218
10466;COMMI;1997-03-06 00:00:00.000;219
10467;MAGAA;1997-03-06 00:00:00.000;220
10468;KOENE;1997-03-07 00:00:00.000;221
10469;WHITC;1997-03-10 00:00:00.000;222
10470;BONAP;1997-03-11 00:00:00.000;223
10471;BSBEV;1997-03-11 00:00:00.000;224
10472;SEVES;1997-03-12 00:00:00.000;225
10473;ISLAT;1997-03-13 00:00:00.000;226
10474;PERIC;1997-03-13 00:00:00.000;227
10475;SUPRD;1997-03-14 00:00:00.000;228
10476;HILAA;1997-03-17 00:00:00.000;229
10477;PRINI;1997-03-17 00:00:00.000;230
10478;VICTE;1997-03-18 00:00:00.000;231
10479;RATTC;1997-03-19 00:00:00.000;232
10480;FOLIG;1997-03-20 00:00:00.000;233
10481;RICAR;1997-03-20 00:00:00.000;234
10482;LAZYK;1997-03-21 00:00:00.000;235
10483;WHITC;1997-03-24 00:00:00.000;236
10484;BSBEV;1997-03-24 00:00:00.000;237
10485;LINOD;1997-03-25 00:00:00.000;238
10486;HILAA;1997-03-26 00:00:00.000;239
10487;QUEEN;1997-03-26 00:00:00.000;240
10488;FRANK;1997-03-27 00:00:00.000;241
10489;PICCO;1997-03-28 00:00:00.000;242
10490;HILAA;1997-03-31 00:00:00.000;243
10491;FURIB;1997-03-31 00:00:00.000;244
10492;BOTTM;1997-04-01 00:00:00.000;245
10493;LAMAI;1997-04-02 00:00:00.000;246
10494;COMMI;1997-04-02 00:00:00.000;247
10495;LAUGB;1997-04-03 00:00:00.000;248
10496;TRADH;1997-04-04 00:00:00.000;249
10497;LEHMS;1997-04-04 00:00:00.000;250
10498;HILAA;1997-04-07 00:00:00.000;251
10499;LILAS;1997-04-08 00:00:00.000;252
10500;LAMAI;1997-04-09 00:00:00.000;253
10501;BLAUS;1997-04-09 00:00:00.000;254
10502;PERIC;1997-04-10 00:00:00.000;255
10503;HUNGO;1997-04-11 00:00:00.000;256
10504;WHITC;1997-04-11 00:00:00.000;257
10505;MEREP;1997-04-14 00:00:00.000;258
10506;KOENE;1997-04-15 00:00:00.000;259
10507;ANTON;1997-04-15 00:00:00.000;260
10508;OTTIK;1997-04-16 00:00:00.000;261
10509;BLAUS;1997-04-17 00:00:00.000;262
10510;SAVEA;1997-04-18 00:00:00.000;263
10511;BONAP;1997-04-18 00:00:00.000;264
10512;FAMIA;1997-04-21 00:00:00.000;265
10513;WANDK;1997-04-22 00:00:00.000;266
10514;ERNSH;1997-04-22 00:00:00.000;267
10515;QUICK;1997-04-23 00:00:00.000;268
10516;HUNGO;1997-04-24 00:00:00.000;269
10517;NORTS;1997-04-24 00:00:00.000;270
10518;TORTU;1997-04-25 00:00:00.000;271
10519;CHOPS;1997-04-28 00:00:00.000;272
10520;SANTG;1997-04-29 00:00:00.000;273
10521;CACTU;1997-04-29 00:00:00.000;274
10522;LEHMS;1997-04-30 00:00:00.000;275
10523;SEVES;1997-05-01 00:00:00.000;276
10524;BERGS;1997-05-01 00:00:00.000;277
10525;BONAP;1997-05-02 00:00:00.000;278
10526;WARTH;1997-05-05 00:00:00.000;279
10527;QUICK;1997-05-05 00:00:00.000;280
10528;GREAL;1997-05-06 00:00:00.000;281
10529;MAISD;1997-05-07 00:00:00.000;282
10530;PICCO;1997-05-08 00:00:00.000;283
10531;OCEAN;1997-05-08 00:00:00.000;284
10532;EASTC;1997-05-09 00:00:00.000;285
10533;FOLKO;1997-05-12 00:00:00.000;286
10534;LEHMS;1997-05-12 00:00:00.000;287
10535;ANTON;1997-05-13 00:00:00.000;288
10536;LEHMS;1997-05-14 00:00:00.000;289
10537;RICSU;1997-05-14 00:00:00.000;290
10538;BSBEV;1997-05-15 00:00:00.000;291
10539;BSBEV;1997-05-16 00:00:00.000;292
10540;QUICK;1997-05-19 00:00:00.000;293
10541;HANAR;1997-05-19 00:00:00.000;294
10542;KOENE;1997-05-20 00:00:00.000;295
10543;LILAS;1997-05-21 00:00:00.000;296
10544;LONEP;1997-05-21 00:00:00.000;297
10545;LAZYK;1997-05-22 00:00:00.000;298
10546;VICTE;1997-05-23 00:00:00.000;299
10547;SEVES;1997-05-23 00:00:00.000;300
10548;TOMSP;1997-05-26 00:00:00.000;301
10549;QUICK;1997-05-27 00:00:00.000;302
10550;GODOS;1997-05-28 00:00:00.000;303
10551;FURIB;1997-05-28 00:00:00.000;304
10552;HILAA;1997-05-29 00:00:00.000;305
10553;WARTH;1997-05-30 00:00:00.000;306
10554;OTTIK;1997-05-30 00:00:00.000;307
10555;SAVEA;1997-06-02 00:00:00.000;308
10556;SIMOB;1997-06-03 00:00:00.000;309
10557;LEHMS;1997-06-03 00:00:00.000;310
10558;AROUT;1997-06-04 00:00:00.000;311
10559;BLONP;1997-06-05 00:00:00.000;312
10560;FRANK;1997-06-06 00:00:00.000;313
10561;FOLKO;1997-06-06 00:00:00.000;314
10562;REGGC;1997-06-09 00:00:00.000;315
10563;RICAR;1997-06-10 00:00:00.000;316
10564;RATTC;1997-06-10 00:00:00.000;317
10565;MEREP;1997-06-11 00:00:00.000;318
10566;BLONP;1997-06-12 00:00:00.000;319
10567;HUNGO;1997-06-12 00:00:00.000;320
10568;GALED;1997-06-13 00:00:00.000;321
10569;RATTC;1997-06-16 00:00:00.000;322
10570;MEREP;1997-06-17 00:00:00.000;323
10571;ERNSH;1997-06-17 00:00:00.000;324
10572;BERGS;1997-06-18 00:00:00.000;325
10573;ANTON;1997-06-19 00:00:00.000;326
10574;TRAIH;1997-06-19 00:00:00.000;327
10575;MORGK;1997-06-20 00:00:00.000;328
10576;TORTU;1997-06-23 00:00:00.000;329
10577;TRAIH;1997-06-23 00:00:00.000;330
10578;BSBEV;1997-06-24 00:00:00.000;331
10579;LETSS;1997-06-25 00:00:00.000;332
10580;OTTIK;1997-06-26 00:00:00.000;333
10581;FAMIA;1997-06-26 00:00:00.000;334
10582;BLAUS;1997-06-27 00:00:00.000;335
10583;WARTH;1997-06-30 00:00:00.000;336
10584;BLONP;1997-06-30 00:00:00.000;337
10585;WELLI;1997-07-01 00:00:00.000;338
10586;REGGC;1997-07-02 00:00:00.000;339
10587;QUEDE;1997-07-02 00:00:00.000;340
10588;QUICK;1997-07-03 00:00:00.000;341
10589;GREAL;1997-07-04 00:00:00.000;342
10590;MEREP;1997-07-07 00:00:00.000;343
10591;VAFFE;1997-07-07 00:00:00.000;344
10592;LEHMS;1997-07-08 00:00:00.000;345
10593;LEHMS;1997-07-09 00:00:00.000;346
10594;OLDWO;1997-07-09 00:00:00.000;347
10595;ERNSH;1997-07-10 00:00:00.000;348
10596;WHITC;1997-07-11 00:00:00.000;349
10597;PICCO;1997-07-11 00:00:00.000;350
10598;RATTC;1997-07-14 00:00:00.000;351
10599;BSBEV;1997-07-15 00:00:00.000;352
10600;HUNGC;1997-07-16 00:00:00.000;353
10601;HILAA;1997-07-16 00:00:00.000;354
10602;VAFFE;1997-07-17 00:00:00.000;355
10603;SAVEA;1997-07-18 00:00:00.000;356
10604;FURIB;1997-07-18 00:00:00.000;357
10605;MEREP;1997-07-21 00:00:00.000;358
10606;TRADH;1997-07-22 00:00:00.000;359
10607;SAVEA;1997-07-22 00:00:00.000;360
10608;TOMSP;1997-07-23 00:00:00.000;361
10609;DUMON;1997-07-24 00:00:00.000;362
10610;LAMAI;1997-07-25 00:00:00.000;363
10611;WOLZA;1997-07-25 00:00:00.000;364
10612;SAVEA;1997-07-28 00:00:00.000;365
10613;HILAA;1997-07-29 00:00:00.000;366
10614;BLAUS;1997-07-29 00:00:00.000;367
10615;WILMK;1997-07-30 00:00:00.000;368
10616;GREAL;1997-07-31 00:00:00.000;369
10617;GREAL;1997-07-31 00:00:00.000;370
10618;MEREP;1997-08-01 00:00:00.000;371
10619;MEREP;1997-08-04 00:00:00.000;372
10620;LAUGB;1997-08-05 00:00:00.000;373
10621;ISLAT;1997-08-05 00:00:00.000;374
10622;RICAR;1997-08-06 00:00:00.000;375
10623;FRANK;1997-08-07 00:00:00.000;376
10624;THECR;1997-08-07 00:00:00.000;377
10625;ANATR;1997-08-08 00:00:00.000;378
10626;BERGS;1997-08-11 00:00:00.000;379
10627;SAVEA;1997-08-11 00:00:00.000;380
10628;BLONP;1997-08-12 00:00:00.000;381
10629;GODOS;1997-08-12 00:00:00.000;382
10630;KOENE;1997-08-13 00:00:00.000;383
10631;LAMAI;1997-08-14 00:00:00.000;384
10632;WANDK;1997-08-14 00:00:00.000;385
10633;ERNSH;1997-08-15 00:00:00.000;386
10634;FOLIG;1997-08-15 00:00:00.000;387
10635;MAGAA;1997-08-18 00:00:00.000;388
10636;WARTH;1997-08-19 00:00:00.000;389
10637;QUEEN;1997-08-19 00:00:00.000;390
10638;LINOD;1997-08-20 00:00:00.000;391
10639;SANTG;1997-08-20 00:00:00.000;392
10640;WANDK;1997-08-21 00:00:00.000;393
10641;HILAA;1997-08-22 00:00:00.000;394
10642;SIMOB;1997-08-22 00:00:00.000;395
10643;ALFKI;1997-08-25 00:00:00.000;396
10644;WELLI;1997-08-25 00:00:00.000;397
10645;HANAR;1997-08-26 00:00:00.000;398
10646;HUNGO;1997-08-27 00:00:00.000;399
10647;QUEDE;1997-08-27 00:00:00.000;400
10648;RICAR;1997-08-28 00:00:00.000;401
10649;MAISD;1997-08-28 00:00:00.000;402
10650;FAMIA;1997-08-29 00:00:00.000;403
10651;WANDK;1997-09-01 00:00:00.000;404
10652;GOURL;1997-09-01 00:00:00.000;405
10653;FRANK;1997-09-02 00:00:00.000;406
10654;BERGS;1997-09-02 00:00:00.000;407
10655;REGGC;1997-09-03 00:00:00.000;408
10656;GREAL;1997-09-04 00:00:00.000;409
10657;SAVEA;1997-09-04 00:00:00.000;410
10658;QUICK;1997-09-05 00:00:00.000;411
10659;QUEEN;1997-09-05 00:00:00.000;412
10660;HUNGC;1997-09-08 00:00:00.000;413
10661;HUNGO;1997-09-09 00:00:00.000;414
10662;LONEP;1997-09-09 00:00:00.000;415
10663;BONAP;1997-09-10 00:00:00.000;416
10664;FURIB;1997-09-10 00:00:00.000;417
10665;LONEP;1997-09-11 00:00:00.000;418
10666;RICSU;1997-09-12 00:00:00.000;419
10667;ERNSH;1997-09-12 00:00:00.000;420
10668;WANDK;1997-09-15 00:00:00.000;421
10669;SIMOB;1997-09-15 00:00:00.000;422
10670;FRANK;1997-09-16 00:00:00.000;423
10671;FRANR;1997-09-17 00:00:00.000;424
10672;BERGS;1997-09-17 00:00:00.000;425
10673;WILMK;1997-09-18 00:00:00.000;426
10674;ISLAT;1997-09-18 00:00:00.000;427
10675;FRANK;1997-09-19 00:00:00.000;428
10676;TORTU;1997-09-22 00:00:00.000;429
10677;ANTON;1997-09-22 00:00:00.000;430
10678;SAVEA;1997-09-23 00:00:00.000;431
10679;BLONP;1997-09-23 00:00:00.000;432
10680;OLDWO;1997-09-24 00:00:00.000;433
10681;GREAL;1997-09-25 00:00:00.000;434
10682;ANTON;1997-09-25 00:00:00.000;435
10683;DUMON;1997-09-26 00:00:00.000;436
10684;OTTIK;1997-09-26 00:00:00.000;437
10685;GOURL;1997-09-29 00:00:00.000;438
10686;PICCO;1997-09-30 00:00:00.000;439
10687;HUNGO;1997-09-30 00:00:00.000;440
10688;VAFFE;1997-10-01 00:00:00.000;441
10689;BERGS;1997-10-01 00:00:00.000;442
10690;HANAR;1997-10-02 00:00:00.000;443
10691;QUICK;1997-10-03 00:00:00.000;444
10692;ALFKI;1997-10-03 00:00:00.000;445
10693;WHITC;1997-10-06 00:00:00.000;446
10694;QUICK;1997-10-06 00:00:00.000;447
10695;WILMK;1997-10-07 00:00:00.000;448
10696;WHITC;1997-10-08 00:00:00.000;449
10697;LINOD;1997-10-08 00:00:00.000;450
10698;ERNSH;1997-10-09 00:00:00.000;451
10699;MORGK;1997-10-09 00:00:00.000;452
10700;SAVEA;1997-10-10 00:00:00.000;453
10701;HUNGO;1997-10-13 00:00:00.000;454
10702;ALFKI;1997-10-13 00:00:00.000;455
10703;FOLKO;1997-10-14 00:00:00.000;456
10704;QUEEN;1997-10-14 00:00:00.000;457
10705;HILAA;1997-10-15 00:00:00.000;458
10706;OLDWO;1997-10-16 00:00:00.000;459
10707;AROUT;1997-10-16 00:00:00.000;460
10708;THEBI;1997-10-17 00:00:00.000;461
10709;GOURL;1997-10-17 00:00:00.000;462
10710;FRANS;1997-10-20 00:00:00.000;463
10711;SAVEA;1997-10-21 00:00:00.000;464
10712;HUNGO;1997-10-21 00:00:00.000;465
10713;SAVEA;1997-10-22 00:00:00.000;466
10714;SAVEA;1997-10-22 00:00:00.000;467
10715;BONAP;1997-10-23 00:00:00.000;468
10716;RANCH;1997-10-24 00:00:00.000;469
10717;FRANK;1997-10-24 00:00:00.000;470
10718;KOENE;1997-10-27 00:00:00.000;471
10719;LETSS;1997-10-27 00:00:00.000;472
10720;QUEDE;1997-10-28 00:00:00.000;473
10721;QUICK;1997-10-29 00:00:00.000;474
10722;SAVEA;1997-10-29 00:00:00.000;475
10723;WHITC;1997-10-30 00:00:00.000;476
10724;MEREP;1997-10-30 00:00:00.000;477
10725;FAMIA;1997-10-31 00:00:00.000;478
10726;EASTC;1997-11-03 00:00:00.000;479
10727;REGGC;1997-11-03 00:00:00.000;480
10728;QUEEN;1997-11-04 00:00:00.000;481
10729;LINOD;1997-11-04 00:00:00.000;482
10730;BONAP;1997-11-05 00:00:00.000;483
10731;CHOPS;1997-11-06 00:00:00.000;484
10732;BONAP;1997-11-06 00:00:00.000;485
10733;BERGS;1997-11-07 00:00:00.000;486
10734;GOURL;1997-11-07 00:00:00.000;487
10735;LETSS;1997-11-10 00:00:00.000;488
10736;HUNGO;1997-11-11 00:00:00.000;489
10737;VINET;1997-11-11 00:00:00.000;490
10738;SPECD;1997-11-12 00:00:00.000;491
10739;VINET;1997-11-12 00:00:00.000;492
10740;WHITC;1997-11-13 00:00:00.000;493
10741;AROUT;1997-11-14 00:00:00.000;494
10742;BOTTM;1997-11-14 00:00:00.000;495
10743;AROUT;1997-11-17 00:00:00.000;496
10744;VAFFE;1997-11-17 00:00:00.000;497
10745;QUICK;1997-11-18 00:00:00.000;498
10746;CHOPS;1997-11-19 00:00:00.000;499
10747;PICCO;1997-11-19 00:00:00.000;500
10748;SAVEA;1997-11-20 00:00:00.000;501
10749;ISLAT;1997-11-20 00:00:00.000;502
10750;WARTH;1997-11-21 00:00:00.000;503
10751;RICSU;1997-11-24 00:00:00.000;504
10752;NORTS;1997-11-24 00:00:00.000;505
10753;FRANS;1997-11-25 00:00:00.000;506
10754;MAGAA;1997-11-25 00:00:00.000;507
10755;BONAP;1997-11-26 00:00:00.000;508
10756;SPLIR;1997-11-27 00:00:00.000;509
10757;SAVEA;1997-11-27 00:00:00.000;510
10758;RICSU;1997-11-28 00:00:00.000;511
10759;ANATR;1997-11-28 00:00:00.000;512
10760;MAISD;1997-12-01 00:00:00.000;513
10761;RATTC;1997-12-02 00:00:00.000;514
10762;FOLKO;1997-12-02 00:00:00.000;515
10763;FOLIG;1997-12-03 00:00:00.000;516
10764;ERNSH;1997-12-03 00:00:00.000;517
10765;QUICK;1997-12-04 00:00:00.000;518
10766;OTTIK;1997-12-05 00:00:00.000;519
10767;SUPRD;1997-12-05 00:00:00.000;520
10768;AROUT;1997-12-08 00:00:00.000;521
10769;VAFFE;1997-12-08 00:00:00.000;522
10770;HANAR;1997-12-09 00:00:00.000;523
10771;ERNSH;1997-12-10 00:00:00.000;524
10772;LEHMS;1997-12-10 00:00:00.000;525
10773;ERNSH;1997-12-11 00:00:00.000;526
10774;FOLKO;1997-12-11 00:00:00.000;527
10775;THECR;1997-12-12 00:00:00.000;528
10776;ERNSH;1997-12-15 00:00:00.000;529
10777;GOURL;1997-12-15 00:00:00.000;530
10778;BERGS;1997-12-16 00:00:00.000;531
10779;MORGK;1997-12-16 00:00:00.000;532
10780;LILAS;1997-12-16 00:00:00.000;533
10781;WARTH;1997-12-17 00:00:00.000;534
10782;CACTU;1997-12-17 00:00:00.000;535
10783;HANAR;1997-12-18 00:00:00.000;536
10784;MAGAA;1997-12-18 00:00:00.000;537
10785;GROSR;1997-12-18 00:00:00.000;538
10786;QUEEN;1997-12-19 00:00:00.000;539
10787;LAMAI;1997-12-19 00:00:00.000;540
10788;QUICK;1997-12-22 00:00:00.000;541
10789;FOLIG;1997-12-22 00:00:00.000;542
10790;GOURL;1997-12-22 00:00:00.000;543
10791;FRANK;1997-12-23 00:00:00.000;544
10792;WOLZA;1997-12-23 00:00:00.000;545
10793;AROUT;1997-12-24 00:00:00.000;546
10794;QUEDE;1997-12-24 00:00:00.000;547
10795;ERNSH;1997-12-24 00:00:00.000;548
10796;HILAA;1997-12-25 00:00:00.000;549
10797;DRACD;1997-12-25 00:00:00.000;550
10798;ISLAT;1997-12-26 00:00:00.000;551
10799;KOENE;1997-12-26 00:00:00.000;552
10800;SEVES;1997-12-26 00:00:00.000;553
10801;BOLID;1997-12-29 00:00:00.000;554
10802;SIMOB;1997-12-29 00:00:00.000;555
10803;WELLI;1997-12-30 00:00:00.000;556
10804;SEVES;1997-12-30 00:00:00.000;557
10805;THEBI;1997-12-30 00:00:00.000;558
10806;VICTE;1997-12-31 00:00:00.000;559
10807;FRANS;1997-12-31 00:00:00.000;560
10808;OLDWO;1998-01-01 00:00:00.000;561
10809;WELLI;1998-01-01 00:00:00.000;562
10810;LAUGB;1998-01-01 00:00:00.000;563
10811;LINOD;1998-01-02 00:00:00.000;564
10812;REGGC;1998-01-02 00:00:00.000;565
10813;RICAR;1998-01-05 00:00:00.000;566
10814;VICTE;1998-01-05 00:00:00.000;567
10815;SAVEA;1998-01-05 00:00:00.000;568
10816;GREAL;1998-01-06 00:00:00.000;569
10817;KOENE;1998-01-06 00:00:00.000;570
10818;MAGAA;1998-01-07 00:00:00.000;571
10819;CACTU;1998-01-07 00:00:00.000;572
10820;RATTC;1998-01-07 00:00:00.000;573
10821;SPLIR;1998-01-08 00:00:00.000;574
10822;TRAIH;1998-01-08 00:00:00.000;575
10823;LILAS;1998-01-09 00:00:00.000;576
10824;FOLKO;1998-01-09 00:00:00.000;577
10825;DRACD;1998-01-09 00:00:00.000;578
10826;BLONP;1998-01-12 00:00:00.000;579
10827;BONAP;1998-01-12 00:00:00.000;580
10828;RANCH;1998-01-13 00:00:00.000;581
10829;ISLAT;1998-01-13 00:00:00.000;582
10830;TRADH;1998-01-13 00:00:00.000;583
10831;SANTG;1998-01-14 00:00:00.000;584
10832;LAMAI;1998-01-14 00:00:00.000;585
10833;OTTIK;1998-01-15 00:00:00.000;586
10834;TRADH;1998-01-15 00:00:00.000;587
10835;ALFKI;1998-01-15 00:00:00.000;588
10836;ERNSH;1998-01-16 00:00:00.000;589
10837;BERGS;1998-01-16 00:00:00.000;590
10838;LINOD;1998-01-19 00:00:00.000;591
10839;TRADH;1998-01-19 00:00:00.000;592
10840;LINOD;1998-01-19 00:00:00.000;593
10841;SUPRD;1998-01-20 00:00:00.000;594
10842;TORTU;1998-01-20 00:00:00.000;595
10843;VICTE;1998-01-21 00:00:00.000;596
10844;PICCO;1998-01-21 00:00:00.000;597
10845;QUICK;1998-01-21 00:00:00.000;598
10846;SUPRD;1998-01-22 00:00:00.000;599
10847;SAVEA;1998-01-22 00:00:00.000;600
10848;CONSH;1998-01-23 00:00:00.000;601
10849;KOENE;1998-01-23 00:00:00.000;602
10850;VICTE;1998-01-23 00:00:00.000;603
10851;RICAR;1998-01-26 00:00:00.000;604
10852;RATTC;1998-01-26 00:00:00.000;605
10853;BLAUS;1998-01-27 00:00:00.000;606
10854;ERNSH;1998-01-27 00:00:00.000;607
10855;OLDWO;1998-01-27 00:00:00.000;608
10856;ANTON;1998-01-28 00:00:00.000;609
10857;BERGS;1998-01-28 00:00:00.000;610
10858;LACOR;1998-01-29 00:00:00.000;611
10859;FRANK;1998-01-29 00:00:00.000;612
10860;FRANR;1998-01-29 00:00:00.000;613
10861;WHITC;1998-01-30 00:00:00.000;614
10862;LEHMS;1998-01-30 00:00:00.000;615
10863;HILAA;1998-02-02 00:00:00.000;616
10864;AROUT;1998-02-02 00:00:00.000;617
10865;QUICK;1998-02-02 00:00:00.000;618
10866;BERGS;1998-02-03 00:00:00.000;619
10867;LONEP;1998-02-03 00:00:00.000;620
10868;QUEEN;1998-02-04 00:00:00.000;621
10869;SEVES;1998-02-04 00:00:00.000;622
10870;WOLZA;1998-02-04 00:00:00.000;623
10871;BONAP;1998-02-05 00:00:00.000;624
10872;GODOS;1998-02-05 00:00:00.000;625
10873;WILMK;1998-02-06 00:00:00.000;626
10874;GODOS;1998-02-06 00:00:00.000;627
10875;BERGS;1998-02-06 00:00:00.000;628
10876;BONAP;1998-02-09 00:00:00.000;629
10877;RICAR;1998-02-09 00:00:00.000;630
10878;QUICK;1998-02-10 00:00:00.000;631
10879;WILMK;1998-02-10 00:00:00.000;632
10880;FOLKO;1998-02-10 00:00:00.000;633
10881;CACTU;1998-02-11 00:00:00.000;634
10882;SAVEA;1998-02-11 00:00:00.000;635
10883;LONEP;1998-02-12 00:00:00.000;636
10884;LETSS;1998-02-12 00:00:00.000;637
10885;SUPRD;1998-02-12 00:00:00.000;638
10886;HANAR;1998-02-13 00:00:00.000;639
10887;GALED;1998-02-13 00:00:00.000;640
10888;GODOS;1998-02-16 00:00:00.000;641
10889;RATTC;1998-02-16 00:00:00.000;642
10890;DUMON;1998-02-16 00:00:00.000;643
10891;LEHMS;1998-02-17 00:00:00.000;644
10892;MAISD;1998-02-17 00:00:00.000;645
10893;KOENE;1998-02-18 00:00:00.000;646
10894;SAVEA;1998-02-18 00:00:00.000;647
10895;ERNSH;1998-02-18 00:00:00.000;648
10896;MAISD;1998-02-19 00:00:00.000;649
10897;HUNGO;1998-02-19 00:00:00.000;650
10898;OCEAN;1998-02-20 00:00:00.000;651
10899;LILAS;1998-02-20 00:00:00.000;652
10900;WELLI;1998-02-20 00:00:00.000;653
10901;HILAA;1998-02-23 00:00:00.000;654
10902;FOLKO;1998-02-23 00:00:00.000;655
10903;HANAR;1998-02-24 00:00:00.000;656
10904;WHITC;1998-02-24 00:00:00.000;657
10905;WELLI;1998-02-24 00:00:00.000;658
10906;WOLZA;1998-02-25 00:00:00.000;659
10907;SPECD;1998-02-25 00:00:00.000;660
10908;REGGC;1998-02-26 00:00:00.000;661
10909;SANTG;1998-02-26 00:00:00.000;662
10910;WILMK;1998-02-26 00:00:00.000;663
10911;GODOS;1998-02-26 00:00:00.000;664
10912;HUNGO;1998-02-26 00:00:00.000;665
10913;QUEEN;1998-02-26 00:00:00.000;666
10914;QUEEN;1998-02-27 00:00:00.000;667
10915;TORTU;1998-02-27 00:00:00.000;668
10916;RANCH;1998-02-27 00:00:00.000;669
10917;ROMEY;1998-03-02 00:00:00.000;670
10918;BOTTM;1998-03-02 00:00:00.000;671
10919;LINOD;1998-03-02 00:00:00.000;672
10920;AROUT;1998-03-03 00:00:00.000;673
10921;VAFFE;1998-03-03 00:00:00.000;674
10922;HANAR;1998-03-03 00:00:00.000;675
10923;LAMAI;1998-03-03 00:00:00.000;676
10924;BERGS;1998-03-04 00:00:00.000;677
10925;HANAR;1998-03-04 00:00:00.000;678
10926;ANATR;1998-03-04 00:00:00.000;679
10927;LACOR;1998-03-05 00:00:00.000;680
10928;GALED;1998-03-05 00:00:00.000;681
10929;FRANK;1998-03-05 00:00:00.000;682
10930;SUPRD;1998-03-06 00:00:00.000;683
10931;RICSU;1998-03-06 00:00:00.000;684
10932;BONAP;1998-03-06 00:00:00.000;685
10933;ISLAT;1998-03-06 00:00:00.000;686
10934;LEHMS;1998-03-09 00:00:00.000;687
10935;WELLI;1998-03-09 00:00:00.000;688
10936;GREAL;1998-03-09 00:00:00.000;689
10937;CACTU;1998-03-10 00:00:00.000;690
10938;QUICK;1998-03-10 00:00:00.000;691
10939;MAGAA;1998-03-10 00:00:00.000;692
10940;BONAP;1998-03-11 00:00:00.000;693
10941;SAVEA;1998-03-11 00:00:00.000;694
10942;REGGC;1998-03-11 00:00:00.000;695
10943;BSBEV;1998-03-11 00:00:00.000;696
10944;BOTTM;1998-03-12 00:00:00.000;697
10945;MORGK;1998-03-12 00:00:00.000;698
10946;VAFFE;1998-03-12 00:00:00.000;699
10947;BSBEV;1998-03-13 00:00:00.000;700
10948;GODOS;1998-03-13 00:00:00.000;701
10949;BOTTM;1998-03-13 00:00:00.000;702
10950;MAGAA;1998-03-16 00:00:00.000;703
10951;RICSU;1998-03-16 00:00:00.000;704
10952;ALFKI;1998-03-16 00:00:00.000;705
10953;AROUT;1998-03-16 00:00:00.000;706
10954;LINOD;1998-03-17 00:00:00.000;707
10955;FOLKO;1998-03-17 00:00:00.000;708
10956;BLAUS;1998-03-17 00:00:00.000;709
10957;HILAA;1998-03-18 00:00:00.000;710
10958;OCEAN;1998-03-18 00:00:00.000;711
10959;GOURL;1998-03-18 00:00:00.000;712
10960;HILAA;1998-03-19 00:00:00.000;713
10961;QUEEN;1998-03-19 00:00:00.000;714
10962;QUICK;1998-03-19 00:00:00.000;715
10963;FURIB;1998-03-19 00:00:00.000;716
10964;SPECD;1998-03-20 00:00:00.000;717
10965;OLDWO;1998-03-20 00:00:00.000;718
10966;CHOPS;1998-03-20 00:00:00.000;719
10967;TOMSP;1998-03-23 00:00:00.000;720
10968;ERNSH;1998-03-23 00:00:00.000;721
10969;COMMI;1998-03-23 00:00:00.000;722
10970;BOLID;1998-03-24 00:00:00.000;723
10971;FRANR;1998-03-24 00:00:00.000;724
10972;LACOR;1998-03-24 00:00:00.000;725
10973;LACOR;1998-03-24 00:00:00.000;726
10974;SPLIR;1998-03-25 00:00:00.000;727
10975;BOTTM;1998-03-25 00:00:00.000;728
10976;HILAA;1998-03-25 00:00:00.000;729
10977;FOLKO;1998-03-26 00:00:00.000;730
10978;MAISD;1998-03-26 00:00:00.000;731
10979;ERNSH;1998-03-26 00:00:00.000;732
10980;FOLKO;1998-03-27 00:00:00.000;733
10981;HANAR;1998-03-27 00:00:00.000;734
10982;BOTTM;1998-03-27 00:00:00.000;735
10983;SAVEA;1998-03-27 00:00:00.000;736
10984;SAVEA;1998-03-30 00:00:00.000;737
10985;HUNGO;1998-03-30 00:00:00.000;738
10986;OCEAN;1998-03-30 00:00:00.000;739
10987;EASTC;1998-03-31 00:00:00.000;740
10988;RATTC;1998-03-31 00:00:00.000;741
10989;QUEDE;1998-03-31 00:00:00.000;742
10990;ERNSH;1998-04-01 00:00:00.000;743
10991;QUICK;1998-04-01 00:00:00.000;744
10992;THEBI;1998-04-01 00:00:00.000;745
10993;FOLKO;1998-04-01 00:00:00.000;746
10994;VAFFE;1998-04-02 00:00:00.000;747
10995;PERIC;1998-04-02 00:00:00.000;748
10996;QUICK;1998-04-02 00:00:00.000;749
10997;LILAS;1998-04-03 00:00:00.000;750
10998;WOLZA;1998-04-03 00:00:00.000;751
10999;OTTIK;1998-04-03 00:00:00.000;752
11000;RATTC;1998-04-06 00:00:00.000;753
11001;FOLKO;1998-04-06 00:00:00.000;754
11002;SAVEA;1998-04-06 00:00:00.000;755
11003;THECR;1998-04-06 00:00:00.000;756
11004;MAISD;1998-04-07 00:00:00.000;757
11005;WILMK;1998-04-07 00:00:00.000;758
11006;GREAL;1998-04-07 00:00:00.000;759
11007;PRINI;1998-04-08 00:00:00.000;760
11008;ERNSH;1998-04-08 00:00:00.000;761
11009;GODOS;1998-04-08 00:00:00.000;762
11010;REGGC;1998-04-09 00:00:00.000;763
11011;ALFKI;1998-04-09 00:00:00.000;764
11012;FRANK;1998-04-09 00:00:00.000;765
11013;ROMEY;1998-04-09 00:00:00.000;766
11014;LINOD;1998-04-10 00:00:00.000;767
11015;SANTG;1998-04-10 00:00:00.000;768
11016;AROUT;1998-04-10 00:00:00.000;769
11017;ERNSH;1998-04-13 00:00:00.000;770
11018;LONEP;1998-04-13 00:00:00.000;771
11019;RANCH;1998-04-13 00:00:00.000;772
11020;OTTIK;1998-04-14 00:00:00.000;773
11021;QUICK;1998-04-14 00:00:00.000;774
11022;HANAR;1998-04-14 00:00:00.000;775
11023;BSBEV;1998-04-14 00:00:00.000;776
11024;EASTC;1998-04-15 00:00:00.000;777
11025;WARTH;1998-04-15 00:00:00.000;778
11026;FRANS;1998-04-15 00:00:00.000;779
11027;BOTTM;1998-04-16 00:00:00.000;780
11028;KOENE;1998-04-16 00:00:00.000;781
11029;CHOPS;1998-04-16 00:00:00.000;782
11030;SAVEA;1998-04-17 00:00:00.000;783
11031;SAVEA;1998-04-17 00:00:00.000;784
11032;WHITC;1998-04-17 00:00:00.000;785
11033;RICSU;1998-04-17 00:00:00.000;786
11034;OLDWO;1998-04-20 00:00:00.000;787
11035;SUPRD;1998-04-20 00:00:00.000;788
11036;DRACD;1998-04-20 00:00:00.000;789
11037;GODOS;1998-04-21 00:00:00.000;790
11038;SUPRD;1998-04-21 00:00:00.000;791
11039;LINOD;1998-04-21 00:00:00.000;792
11040;GREAL;1998-04-22 00:00:00.000;793
11041;CHOPS;1998-04-22 00:00:00.000;794
11042;COMMI;1998-04-22 00:00:00.000;795
11043;SPECD;1998-04-22 00:00:00.000;796
11044;WOLZA;1998-04-23 00:00:00.000;797
11045;BOTTM;1998-04-23 00:00:00.000;798
11046;WANDK;1998-04-23 00:00:00.000;799
11047;EASTC;1998-04-24 00:00:00.000;800
11048;BOTTM;1998-04-24 00:00:00.000;801
11049;GOURL;1998-04-24 00:00:00.000;802
11050;FOLKO;1998-04-27 00:00:00.000;803
11051;LAMAI;1998-04-27 00:00:00.000;804
11052;HANAR;1998-04-27 00:00:00.000;805
11053;PICCO;1998-04-27 00:00:00.000;806
11054;CACTU;1998-04-28 00:00:00.000;807
11055;HILAA;1998-04-28 00:00:00.000;808
11056;EASTC;1998-04-28 00:00:00.000;809
11057;NORTS;1998-04-29 00:00:00.000;810
11058;BLAUS;1998-04-29 00:00:00.000;811
11059;RICAR;1998-04-29 00:00:00.000;812
11060;FRANS;1998-04-30 00:00:00.000;813
11061;GREAL;1998-04-30 00:00:00.000;814
11062;REGGC;1998-04-30 00:00:00.000;815
11063;HUNGO;1998-04-30 00:00:00.000;816
11064;SAVEA;1998-05-01 00:00:00.000;817
11065;LILAS;1998-05-01 00:00:00.000;818
11066;WHITC;1998-05-01 00:00:00.000;819
11067;DRACD;1998-05-04 00:00:00.000;820
11068;QUEEN;1998-05-04 00:00:00.000;821
11069;TORTU;1998-05-04 00:00:00.000;822
11070;LEHMS;1998-05-05 00:00:00.000;823
11071;LILAS;1998-05-05 00:00:00.000;824
11072;ERNSH;1998-05-05 00:00:00.000;825
11073;PERIC;1998-05-05 00:00:00.000;826
11074;SIMOB;1998-05-06 00:00:00.000;827
11075;RICSU;1998-05-06 00:00:00.000;828
11076;BONAP;1998-05-06 00:00:00.000;829
11077;RATTC;1998-05-06 00:00:00.000;830
