CustomerID;CustomerName;ShipperName;OrderDate;RequiredDate;GlobalID
10843;Victuailles en stock;United Package;1998-01-21 00:00:00.000;1998-02-18 00:00:00.000;5995
10844;Piccolo und mehr;United Package;1998-01-21 00:00:00.000;1998-02-18 00:00:00.000;5996
10845;QUICK-Stop;Speedy Express;1998-01-21 00:00:00.000;1998-02-04 00:00:00.000;5997
10846;Supremes délices;Federal Shipping;1998-01-22 00:00:00.000;1998-03-05 00:00:00.000;5998
10847;Save-a-lot Markets;Federal Shipping;1998-01-22 00:00:00.000;1998-02-05 00:00:00.000;5999
10848;Consolidated Holdings;United Package;1998-01-23 00:00:00.000;1998-02-20 00:00:00.000;6000
10849;Königlich Essen;United Package;1998-01-23 00:00:00.000;1998-02-20 00:00:00.000;6001
10850;Victuailles en stock;Speedy Express;1998-01-23 00:00:00.000;1998-03-06 00:00:00.000;6002
10851;Ricardo Adocicados;Speedy Express;1998-01-26 00:00:00.000;1998-02-23 00:00:00.000;6003
10852;Rattlesnake Canyon Grocery;Speedy Express;1998-01-26 00:00:00.000;1998-02-09 00:00:00.000;6004
10853;Blauer See Delikatessen;United Package;1998-01-27 00:00:00.000;1998-02-24 00:00:00.000;6005
10854;Ernst Handel;United Package;1998-01-27 00:00:00.000;1998-02-24 00:00:00.000;6006
10855;Old World Delicatessen;Speedy Express;1998-01-27 00:00:00.000;1998-02-24 00:00:00.000;6007
10856;Antonio Moreno Taquería;United Package;1998-01-28 00:00:00.000;1998-02-25 00:00:00.000;6008
10857;Berglunds snabbköp;United Package;1998-01-28 00:00:00.000;1998-02-25 00:00:00.000;6009
10858;La corne d'abondance;Speedy Express;1998-01-29 00:00:00.000;1998-02-26 00:00:00.000;6010
10859;Frankenversand;United Package;1998-01-29 00:00:00.000;1998-02-26 00:00:00.000;6011
10860;France restauration;Federal Shipping;1998-01-29 00:00:00.000;1998-02-26 00:00:00.000;6012
10861;White Clover Markets;United Package;1998-01-30 00:00:00.000;1998-02-27 00:00:00.000;6013
10862;Lehmanns Marktstand;United Package;1998-01-30 00:00:00.000;1998-03-13 00:00:00.000;6014
10863;HILARION-Abastos;United Package;1998-02-02 00:00:00.000;1998-03-02 00:00:00.000;6015
10864;Around the Horn;United Package;1998-02-02 00:00:00.000;1998-03-02 00:00:00.000;6016
10865;QUICK-Stop;Speedy Express;1998-02-02 00:00:00.000;1998-02-16 00:00:00.000;6017
10866;Berglunds snabbköp;Speedy Express;1998-02-03 00:00:00.000;1998-03-03 00:00:00.000;6018
10867;Lonesome Pine Restaurant;Speedy Express;1998-02-03 00:00:00.000;1998-03-17 00:00:00.000;6019
10868;Queen Cozinha;United Package;1998-02-04 00:00:00.000;1998-03-04 00:00:00.000;6020
10869;Seven Seas Imports;Speedy Express;1998-02-04 00:00:00.000;1998-03-04 00:00:00.000;6021
10870;Wolski  Zajazd;Federal Shipping;1998-02-04 00:00:00.000;1998-03-04 00:00:00.000;6022
10871;Bon app';United Package;1998-02-05 00:00:00.000;1998-03-05 00:00:00.000;6023
10872;Godos Cocina Típica;United Package;1998-02-05 00:00:00.000;1998-03-05 00:00:00.000;6024
10873;Wilman Kala;Speedy Express;1998-02-06 00:00:00.000;1998-03-06 00:00:00.000;6025
10874;Godos Cocina Típica;United Package;1998-02-06 00:00:00.000;1998-03-06 00:00:00.000;6026
10875;Berglunds snabbköp;United Package;1998-02-06 00:00:00.000;1998-03-06 00:00:00.000;6027
10876;Bon app';Federal Shipping;1998-02-09 00:00:00.000;1998-03-09 00:00:00.000;6028
10877;Ricardo Adocicados;Speedy Express;1998-02-09 00:00:00.000;1998-03-09 00:00:00.000;6029
10878;QUICK-Stop;Speedy Express;1998-02-10 00:00:00.000;1998-03-10 00:00:00.000;6030
10879;Wilman Kala;Federal Shipping;1998-02-10 00:00:00.000;1998-03-10 00:00:00.000;6031
10880;Folk och fä HB;Speedy Express;1998-02-10 00:00:00.000;1998-03-24 00:00:00.000;6032
10881;Cactus Comidas para llevar;Speedy Express;1998-02-11 00:00:00.000;1998-03-11 00:00:00.000;6033
10882;Save-a-lot Markets;Federal Shipping;1998-02-11 00:00:00.000;1998-03-11 00:00:00.000;6034
10883;Lonesome Pine Restaurant;Federal Shipping;1998-02-12 00:00:00.000;1998-03-12 00:00:00.000;6035
10884;Let's Stop N Shop;United Package;1998-02-12 00:00:00.000;1998-03-12 00:00:00.000;6036
10885;Supremes délices;Federal Shipping;1998-02-12 00:00:00.000;1998-03-12 00:00:00.000;6037
10886;Hanari Carnes;Speedy Express;1998-02-13 00:00:00.000;1998-03-13 00:00:00.000;6038
10887;Galería del gastrónomo;Federal Shipping;1998-02-13 00:00:00.000;1998-03-13 00:00:00.000;6039
10888;Godos Cocina Típica;United Package;1998-02-16 00:00:00.000;1998-03-16 00:00:00.000;6040
10889;Rattlesnake Canyon Grocery;Federal Shipping;1998-02-16 00:00:00.000;1998-03-16 00:00:00.000;6041
10890;Du monde entier;Speedy Express;1998-02-16 00:00:00.000;1998-03-16 00:00:00.000;6042
10891;Lehmanns Marktstand;United Package;1998-02-17 00:00:00.000;1998-03-17 00:00:00.000;6043
10892;Maison Dewey;United Package;1998-02-17 00:00:00.000;1998-03-17 00:00:00.000;6044
10893;Königlich Essen;United Package;1998-02-18 00:00:00.000;1998-03-18 00:00:00.000;6045
10894;Save-a-lot Markets;Speedy Express;1998-02-18 00:00:00.000;1998-03-18 00:00:00.000;6046
10895;Ernst Handel;Speedy Express;1998-02-18 00:00:00.000;1998-03-18 00:00:00.000;6047
10896;Maison Dewey;Federal Shipping;1998-02-19 00:00:00.000;1998-03-19 00:00:00.000;6048
10897;Hungry Owl All-Night Grocers;United Package;1998-02-19 00:00:00.000;1998-03-19 00:00:00.000;6049
10898;Océano Atlántico Ltda.;United Package;1998-02-20 00:00:00.000;1998-03-20 00:00:00.000;6050
10899;LILA-Supermercado;Federal Shipping;1998-02-20 00:00:00.000;1998-03-20 00:00:00.000;6051
10900;Wellington Importadora;United Package;1998-02-20 00:00:00.000;1998-03-20 00:00:00.000;6052
10901;HILARION-Abastos;Speedy Express;1998-02-23 00:00:00.000;1998-03-23 00:00:00.000;6053
10902;Folk och fä HB;Speedy Express;1998-02-23 00:00:00.000;1998-03-23 00:00:00.000;6054
10903;Hanari Carnes;Federal Shipping;1998-02-24 00:00:00.000;1998-03-24 00:00:00.000;6055
10904;White Clover Markets;Federal Shipping;1998-02-24 00:00:00.000;1998-03-24 00:00:00.000;6056
10905;Wellington Importadora;United Package;1998-02-24 00:00:00.000;1998-03-24 00:00:00.000;6057
10906;Wolski  Zajazd;Federal Shipping;1998-02-25 00:00:00.000;1998-03-11 00:00:00.000;6058
10907;Spécialités du monde;Federal Shipping;1998-02-25 00:00:00.000;1998-03-25 00:00:00.000;6059
10908;Reggiani Caseifici;United Package;1998-02-26 00:00:00.000;1998-03-26 00:00:00.000;6060
10909;Santé Gourmet;United Package;1998-02-26 00:00:00.000;1998-03-26 00:00:00.000;6061
10910;Wilman Kala;Federal Shipping;1998-02-26 00:00:00.000;1998-03-26 00:00:00.000;6062
10911;Godos Cocina Típica;Speedy Express;1998-02-26 00:00:00.000;1998-03-26 00:00:00.000;6063
10912;Hungry Owl All-Night Grocers;United Package;1998-02-26 00:00:00.000;1998-03-26 00:00:00.000;6064
10913;Queen Cozinha;Speedy Express;1998-02-26 00:00:00.000;1998-03-26 00:00:00.000;6065
10914;Queen Cozinha;Speedy Express;1998-02-27 00:00:00.000;1998-03-27 00:00:00.000;6066
10915;Tortuga Restaurante;United Package;1998-02-27 00:00:00.000;1998-03-27 00:00:00.000;6067
10916;Rancho grande;United Package;1998-02-27 00:00:00.000;1998-03-27 00:00:00.000;6068
10917;Romero y tomillo;United Package;1998-03-02 00:00:00.000;1998-03-30 00:00:00.000;6069
10918;Bottom-Dollar Markets;Federal Shipping;1998-03-02 00:00:00.000;1998-03-30 00:00:00.000;6070
10919;LINO-Delicateses;United Package;1998-03-02 00:00:00.000;1998-03-30 00:00:00.000;6071
10920;Around the Horn;United Package;1998-03-03 00:00:00.000;1998-03-31 00:00:00.000;6072
10921;Vaffeljernet;Speedy Express;1998-03-03 00:00:00.000;1998-04-14 00:00:00.000;6073
10922;Hanari Carnes;Federal Shipping;1998-03-03 00:00:00.000;1998-03-31 00:00:00.000;6074
10923;La maison d'Asie;Federal Shipping;1998-03-03 00:00:00.000;1998-04-14 00:00:00.000;6075
10924;Berglunds snabbköp;United Package;1998-03-04 00:00:00.000;1998-04-01 00:00:00.000;6076
10925;Hanari Carnes;Speedy Express;1998-03-04 00:00:00.000;1998-04-01 00:00:00.000;6077
10926;Ana Trujillo Emparedados y helados;Federal Shipping;1998-03-04 00:00:00.000;1998-04-01 00:00:00.000;6078
10927;La corne d'abondance;Speedy Express;1998-03-05 00:00:00.000;1998-04-02 00:00:00.000;6079
10928;Galería del gastrónomo;Speedy Express;1998-03-05 00:00:00.000;1998-04-02 00:00:00.000;6080
10929;Frankenversand;Speedy Express;1998-03-05 00:00:00.000;1998-04-02 00:00:00.000;6081
10930;Supremes délices;Federal Shipping;1998-03-06 00:00:00.000;1998-04-17 00:00:00.000;6082
10931;Richter Supermarkt;United Package;1998-03-06 00:00:00.000;1998-03-20 00:00:00.000;6083
10932;Bon app';Speedy Express;1998-03-06 00:00:00.000;1998-04-03 00:00:00.000;6084
10933;Island Trading;Federal Shipping;1998-03-06 00:00:00.000;1998-04-03 00:00:00.000;6085
10934;Lehmanns Marktstand;Federal Shipping;1998-03-09 00:00:00.000;1998-04-06 00:00:00.000;6086
10935;Wellington Importadora;Federal Shipping;1998-03-09 00:00:00.000;1998-04-06 00:00:00.000;6087
10936;Great Lakes Food Market;United Package;1998-03-09 00:00:00.000;1998-04-06 00:00:00.000;6088
10937;Cactus Comidas para llevar;Federal Shipping;1998-03-10 00:00:00.000;1998-03-24 00:00:00.000;6089
10938;QUICK-Stop;United Package;1998-03-10 00:00:00.000;1998-04-07 00:00:00.000;6090
10939;Magazzini Alimentari Riuniti;United Package;1998-03-10 00:00:00.000;1998-04-07 00:00:00.000;6091
10940;Bon app';Federal Shipping;1998-03-11 00:00:00.000;1998-04-08 00:00:00.000;6092
10941;Save-a-lot Markets;United Package;1998-03-11 00:00:00.000;1998-04-08 00:00:00.000;6093
10942;Reggiani Caseifici;Federal Shipping;1998-03-11 00:00:00.000;1998-04-08 00:00:00.000;6094
10943;B's Beverages;United Package;1998-03-11 00:00:00.000;1998-04-08 00:00:00.000;6095
10944;Bottom-Dollar Markets;Federal Shipping;1998-03-12 00:00:00.000;1998-03-26 00:00:00.000;6096
10945;Morgenstern Gesundkost;Speedy Express;1998-03-12 00:00:00.000;1998-04-09 00:00:00.000;6097
10946;Vaffeljernet;United Package;1998-03-12 00:00:00.000;1998-04-09 00:00:00.000;6098
10947;B's Beverages;United Package;1998-03-13 00:00:00.000;1998-04-10 00:00:00.000;6099
10948;Godos Cocina Típica;Federal Shipping;1998-03-13 00:00:00.000;1998-04-10 00:00:00.000;6100
10949;Bottom-Dollar Markets;Federal Shipping;1998-03-13 00:00:00.000;1998-04-10 00:00:00.000;6101
10950;Magazzini Alimentari Riuniti;United Package;1998-03-16 00:00:00.000;1998-04-13 00:00:00.000;6102
10951;Richter Supermarkt;United Package;1998-03-16 00:00:00.000;1998-04-27 00:00:00.000;6103
10952;Alfreds Futterkiste;Speedy Express;1998-03-16 00:00:00.000;1998-04-27 00:00:00.000;6104
10953;Around the Horn;United Package;1998-03-16 00:00:00.000;1998-03-30 00:00:00.000;6105
10954;LINO-Delicateses;Speedy Express;1998-03-17 00:00:00.000;1998-04-28 00:00:00.000;6106
10955;Folk och fä HB;United Package;1998-03-17 00:00:00.000;1998-04-14 00:00:00.000;6107
10956;Blauer See Delikatessen;United Package;1998-03-17 00:00:00.000;1998-04-28 00:00:00.000;6108
10957;HILARION-Abastos;Federal Shipping;1998-03-18 00:00:00.000;1998-04-15 00:00:00.000;6109
10958;Océano Atlántico Ltda.;United Package;1998-03-18 00:00:00.000;1998-04-15 00:00:00.000;6110
10959;Gourmet Lanchonetes;United Package;1998-03-18 00:00:00.000;1998-04-29 00:00:00.000;6111
10960;HILARION-Abastos;Speedy Express;1998-03-19 00:00:00.000;1998-04-02 00:00:00.000;6112
10961;Queen Cozinha;Speedy Express;1998-03-19 00:00:00.000;1998-04-16 00:00:00.000;6113
10962;QUICK-Stop;United Package;1998-03-19 00:00:00.000;1998-04-16 00:00:00.000;6114
10963;Furia Bacalhau e Frutos do Mar;Federal Shipping;1998-03-19 00:00:00.000;1998-04-16 00:00:00.000;6115
10964;Spécialités du monde;United Package;1998-03-20 00:00:00.000;1998-04-17 00:00:00.000;6116
10965;Old World Delicatessen;Federal Shipping;1998-03-20 00:00:00.000;1998-04-17 00:00:00.000;6117
10966;Chop-suey Chinese;Speedy Express;1998-03-20 00:00:00.000;1998-04-17 00:00:00.000;6118
10967;Toms Spezialitäten;United Package;1998-03-23 00:00:00.000;1998-04-20 00:00:00.000;6119
10968;Ernst Handel;Federal Shipping;1998-03-23 00:00:00.000;1998-04-20 00:00:00.000;6120
10969;Comércio Mineiro;United Package;1998-03-23 00:00:00.000;1998-04-20 00:00:00.000;6121
10970;Bólido Comidas preparadas;Speedy Express;1998-03-24 00:00:00.000;1998-04-07 00:00:00.000;6122
10971;France restauration;United Package;1998-03-24 00:00:00.000;1998-04-21 00:00:00.000;6123
10972;La corne d'abondance;United Package;1998-03-24 00:00:00.000;1998-04-21 00:00:00.000;6124
10973;La corne d'abondance;United Package;1998-03-24 00:00:00.000;1998-04-21 00:00:00.000;6125
10974;Split Rail Beer & Ale;Federal Shipping;1998-03-25 00:00:00.000;1998-04-08 00:00:00.000;6126
10975;Bottom-Dollar Markets;Federal Shipping;1998-03-25 00:00:00.000;1998-04-22 00:00:00.000;6127
10976;HILARION-Abastos;Speedy Express;1998-03-25 00:00:00.000;1998-05-06 00:00:00.000;6128
10977;Folk och fä HB;Federal Shipping;1998-03-26 00:00:00.000;1998-04-23 00:00:00.000;6129
10978;Maison Dewey;United Package;1998-03-26 00:00:00.000;1998-04-23 00:00:00.000;6130
10979;Ernst Handel;United Package;1998-03-26 00:00:00.000;1998-04-23 00:00:00.000;6131
10980;Folk och fä HB;Speedy Express;1998-03-27 00:00:00.000;1998-05-08 00:00:00.000;6132
10981;Hanari Carnes;United Package;1998-03-27 00:00:00.000;1998-04-24 00:00:00.000;6133
10982;Bottom-Dollar Markets;Speedy Express;1998-03-27 00:00:00.000;1998-04-24 00:00:00.000;6134
10983;Save-a-lot Markets;United Package;1998-03-27 00:00:00.000;1998-04-24 00:00:00.000;6135
10984;Save-a-lot Markets;Federal Shipping;1998-03-30 00:00:00.000;1998-04-27 00:00:00.000;6136
10985;Hungry Owl All-Night Grocers;Speedy Express;1998-03-30 00:00:00.000;1998-04-27 00:00:00.000;6137
10986;Océano Atlántico Ltda.;United Package;1998-03-30 00:00:00.000;1998-04-27 00:00:00.000;6138
10987;Eastern Connection;Speedy Express;1998-03-31 00:00:00.000;1998-04-28 00:00:00.000;6139
10988;Rattlesnake Canyon Grocery;United Package;1998-03-31 00:00:00.000;1998-04-28 00:00:00.000;6140
10989;Que Delícia;Speedy Express;1998-03-31 00:00:00.000;1998-04-28 00:00:00.000;6141
10990;Ernst Handel;Federal Shipping;1998-04-01 00:00:00.000;1998-05-13 00:00:00.000;6142
10991;QUICK-Stop;Speedy Express;1998-04-01 00:00:00.000;1998-04-29 00:00:00.000;6143
10992;The Big Cheese;Federal Shipping;1998-04-01 00:00:00.000;1998-04-29 00:00:00.000;6144
10993;Folk och fä HB;Federal Shipping;1998-04-01 00:00:00.000;1998-04-29 00:00:00.000;6145
10994;Vaffeljernet;Federal Shipping;1998-04-02 00:00:00.000;1998-04-16 00:00:00.000;6146
10995;Pericles Comidas clásicas;Federal Shipping;1998-04-02 00:00:00.000;1998-04-30 00:00:00.000;6147
10996;QUICK-Stop;United Package;1998-04-02 00:00:00.000;1998-04-30 00:00:00.000;6148
10997;LILA-Supermercado;United Package;1998-04-03 00:00:00.000;1998-05-15 00:00:00.000;6149
10998;Wolski  Zajazd;United Package;1998-04-03 00:00:00.000;1998-04-17 00:00:00.000;6150
10999;Ottilies Käseladen;United Package;1998-04-03 00:00:00.000;1998-05-01 00:00:00.000;6151
11000;Rattlesnake Canyon Grocery;Federal Shipping;1998-04-06 00:00:00.000;1998-05-04 00:00:00.000;6152
11001;Folk och fä HB;United Package;1998-04-06 00:00:00.000;1998-05-04 00:00:00.000;6153
11002;Save-a-lot Markets;Speedy Express;1998-04-06 00:00:00.000;1998-05-04 00:00:00.000;6154
11003;The Cracker Box;Federal Shipping;1998-04-06 00:00:00.000;1998-05-04 00:00:00.000;6155
11004;Maison Dewey;Speedy Express;1998-04-07 00:00:00.000;1998-05-05 00:00:00.000;6156
11005;Wilman Kala;Speedy Express;1998-04-07 00:00:00.000;1998-05-05 00:00:00.000;6157
11006;Great Lakes Food Market;United Package;1998-04-07 00:00:00.000;1998-05-05 00:00:00.000;6158
11007;Princesa Isabel Vinhos;United Package;1998-04-08 00:00:00.000;1998-05-06 00:00:00.000;6159
11008;Ernst Handel;Federal Shipping;1998-04-08 00:00:00.000;1998-05-06 00:00:00.000;6160
11009;Godos Cocina Típica;Speedy Express;1998-04-08 00:00:00.000;1998-05-06 00:00:00.000;6161
11010;Reggiani Caseifici;United Package;1998-04-09 00:00:00.000;1998-05-07 00:00:00.000;6162
11011;Alfreds Futterkiste;Speedy Express;1998-04-09 00:00:00.000;1998-05-07 00:00:00.000;6163
11012;Frankenversand;Federal Shipping;1998-04-09 00:00:00.000;1998-04-23 00:00:00.000;6164
11013;Romero y tomillo;Speedy Express;1998-04-09 00:00:00.000;1998-05-07 00:00:00.000;6165
11014;LINO-Delicateses;Federal Shipping;1998-04-10 00:00:00.000;1998-05-08 00:00:00.000;6166
11015;Santé Gourmet;United Package;1998-04-10 00:00:00.000;1998-04-24 00:00:00.000;6167
11016;Around the Horn;United Package;1998-04-10 00:00:00.000;1998-05-08 00:00:00.000;6168
11017;Ernst Handel;United Package;1998-04-13 00:00:00.000;1998-05-11 00:00:00.000;6169
11018;Lonesome Pine Restaurant;United Package;1998-04-13 00:00:00.000;1998-05-11 00:00:00.000;6170
11019;Rancho grande;Federal Shipping;1998-04-13 00:00:00.000;1998-05-11 00:00:00.000;6171
11020;Ottilies Käseladen;United Package;1998-04-14 00:00:00.000;1998-05-12 00:00:00.000;6172
11021;QUICK-Stop;Speedy Express;1998-04-14 00:00:00.000;1998-05-12 00:00:00.000;6173
11022;Hanari Carnes;United Package;1998-04-14 00:00:00.000;1998-05-12 00:00:00.000;6174
11023;B's Beverages;United Package;1998-04-14 00:00:00.000;1998-04-28 00:00:00.000;6175
11024;Eastern Connection;Speedy Express;1998-04-15 00:00:00.000;1998-05-13 00:00:00.000;6176
11025;Wartian Herkku;Federal Shipping;1998-04-15 00:00:00.000;1998-05-13 00:00:00.000;6177
11026;Franchi S.p.A.;Speedy Express;1998-04-15 00:00:00.000;1998-05-13 00:00:00.000;6178
11027;Bottom-Dollar Markets;Speedy Express;1998-04-16 00:00:00.000;1998-05-14 00:00:00.000;6179
11028;Königlich Essen;Speedy Express;1998-04-16 00:00:00.000;1998-05-14 00:00:00.000;6180
11029;Chop-suey Chinese;Speedy Express;1998-04-16 00:00:00.000;1998-05-14 00:00:00.000;6181
11030;Save-a-lot Markets;United Package;1998-04-17 00:00:00.000;1998-05-15 00:00:00.000;6182
11031;Save-a-lot Markets;United Package;1998-04-17 00:00:00.000;1998-05-15 00:00:00.000;6183
11032;White Clover Markets;Federal Shipping;1998-04-17 00:00:00.000;1998-05-15 00:00:00.000;6184
11033;Richter Supermarkt;Federal Shipping;1998-04-17 00:00:00.000;1998-05-15 00:00:00.000;6185
11034;Old World Delicatessen;Speedy Express;1998-04-20 00:00:00.000;1998-06-01 00:00:00.000;6186
11035;Supremes délices;United Package;1998-04-20 00:00:00.000;1998-05-18 00:00:00.000;6187
11036;Drachenblut Delikatessen;Federal Shipping;1998-04-20 00:00:00.000;1998-05-18 00:00:00.000;6188
11037;Godos Cocina Típica;Speedy Express;1998-04-21 00:00:00.000;1998-05-19 00:00:00.000;6189
11038;Supremes délices;United Package;1998-04-21 00:00:00.000;1998-05-19 00:00:00.000;6190
11039;LINO-Delicateses;United Package;1998-04-21 00:00:00.000;1998-05-19 00:00:00.000;6191
11040;Great Lakes Food Market;Federal Shipping;1998-04-22 00:00:00.000;1998-05-20 00:00:00.000;6192
11041;Chop-suey Chinese;United Package;1998-04-22 00:00:00.000;1998-05-20 00:00:00.000;6193
11042;Comércio Mineiro;Speedy Express;1998-04-22 00:00:00.000;1998-05-06 00:00:00.000;6194
11043;Spécialités du monde;United Package;1998-04-22 00:00:00.000;1998-05-20 00:00:00.000;6195
11044;Wolski  Zajazd;Speedy Express;1998-04-23 00:00:00.000;1998-05-21 00:00:00.000;6196
11045;Bottom-Dollar Markets;United Package;1998-04-23 00:00:00.000;1998-05-21 00:00:00.000;6197
11046;Die Wandernde Kuh;United Package;1998-04-23 00:00:00.000;1998-05-21 00:00:00.000;6198
11047;Eastern Connection;Federal Shipping;1998-04-24 00:00:00.000;1998-05-22 00:00:00.000;6199
11048;Bottom-Dollar Markets;Federal Shipping;1998-04-24 00:00:00.000;1998-05-22 00:00:00.000;6200
11049;Gourmet Lanchonetes;Speedy Express;1998-04-24 00:00:00.000;1998-05-22 00:00:00.000;6201
11050;Folk och fä HB;United Package;1998-04-27 00:00:00.000;1998-05-25 00:00:00.000;6202
11051;La maison d'Asie;Federal Shipping;1998-04-27 00:00:00.000;1998-05-25 00:00:00.000;6203
11052;Hanari Carnes;Speedy Express;1998-04-27 00:00:00.000;1998-05-25 00:00:00.000;6204
11053;Piccolo und mehr;United Package;1998-04-27 00:00:00.000;1998-05-25 00:00:00.000;6205
11054;Cactus Comidas para llevar;Speedy Express;1998-04-28 00:00:00.000;1998-05-26 00:00:00.000;6206
11055;HILARION-Abastos;United Package;1998-04-28 00:00:00.000;1998-05-26 00:00:00.000;6207
11056;Eastern Connection;United Package;1998-04-28 00:00:00.000;1998-05-12 00:00:00.000;6208
11057;North/South;Federal Shipping;1998-04-29 00:00:00.000;1998-05-27 00:00:00.000;6209
11058;Blauer See Delikatessen;Federal Shipping;1998-04-29 00:00:00.000;1998-05-27 00:00:00.000;6210
11059;Ricardo Adocicados;United Package;1998-04-29 00:00:00.000;1998-06-10 00:00:00.000;6211
11060;Franchi S.p.A.;United Package;1998-04-30 00:00:00.000;1998-05-28 00:00:00.000;6212
11061;Great Lakes Food Market;Federal Shipping;1998-04-30 00:00:00.000;1998-06-11 00:00:00.000;6213
11062;Reggiani Caseifici;United Package;1998-04-30 00:00:00.000;1998-05-28 00:00:00.000;6214
11063;Hungry Owl All-Night Grocers;United Package;1998-04-30 00:00:00.000;1998-05-28 00:00:00.000;6215
11064;Save-a-lot Markets;Speedy Express;1998-05-01 00:00:00.000;1998-05-29 00:00:00.000;6216
11065;LILA-Supermercado;Speedy Express;1998-05-01 00:00:00.000;1998-05-29 00:00:00.000;6217
11066;White Clover Markets;United Package;1998-05-01 00:00:00.000;1998-05-29 00:00:00.000;6218
11067;Drachenblut Delikatessen;United Package;1998-05-04 00:00:00.000;1998-05-18 00:00:00.000;6219
11068;Queen Cozinha;United Package;1998-05-04 00:00:00.000;1998-06-01 00:00:00.000;6220
11069;Tortuga Restaurante;United Package;1998-05-04 00:00:00.000;1998-06-01 00:00:00.000;6221
11070;Lehmanns Marktstand;Speedy Express;1998-05-05 00:00:00.000;1998-06-02 00:00:00.000;6222
11071;LILA-Supermercado;Speedy Express;1998-05-05 00:00:00.000;1998-06-02 00:00:00.000;6223
11072;Ernst Handel;United Package;1998-05-05 00:00:00.000;1998-06-02 00:00:00.000;6224
11073;Pericles Comidas clásicas;United Package;1998-05-05 00:00:00.000;1998-06-02 00:00:00.000;6225
11074;Simons bistro;United Package;1998-05-06 00:00:00.000;1998-06-03 00:00:00.000;6226
11075;Richter Supermarkt;United Package;1998-05-06 00:00:00.000;1998-06-03 00:00:00.000;6227
11076;Bon app';United Package;1998-05-06 00:00:00.000;1998-06-03 00:00:00.000;6228
11077;Rattlesnake Canyon Grocery;United Package;1998-05-06 00:00:00.000;1998-06-03 00:00:00.000;6229
10248;Vins et alcools Chevalier;Federal Shipping;1996-07-04 00:00:00.000;1996-08-01 00:00:00.000;5400
10249;Toms Spezialitäten;Speedy Express;1996-07-05 00:00:00.000;1996-08-16 00:00:00.000;5401
10250;Hanari Carnes;United Package;1996-07-08 00:00:00.000;1996-08-05 00:00:00.000;5402
10251;Victuailles en stock;Speedy Express;1996-07-08 00:00:00.000;1996-08-05 00:00:00.000;5403
10252;Supremes délices;United Package;1996-07-09 00:00:00.000;1996-08-06 00:00:00.000;5404
10253;Hanari Carnes;United Package;1996-07-10 00:00:00.000;1996-07-24 00:00:00.000;5405
10254;Chop-suey Chinese;United Package;1996-07-11 00:00:00.000;1996-08-08 00:00:00.000;5406
10255;Richter Supermarkt;Federal Shipping;1996-07-12 00:00:00.000;1996-08-09 00:00:00.000;5407
10256;Wellington Importadora;United Package;1996-07-15 00:00:00.000;1996-08-12 00:00:00.000;5408
10257;HILARION-Abastos;Federal Shipping;1996-07-16 00:00:00.000;1996-08-13 00:00:00.000;5409
10258;Ernst Handel;Speedy Express;1996-07-17 00:00:00.000;1996-08-14 00:00:00.000;5410
10259;Centro comercial Moctezuma;Federal Shipping;1996-07-18 00:00:00.000;1996-08-15 00:00:00.000;5411
10260;Ottilies Käseladen;Speedy Express;1996-07-19 00:00:00.000;1996-08-16 00:00:00.000;5412
10261;Que Delícia;United Package;1996-07-19 00:00:00.000;1996-08-16 00:00:00.000;5413
10262;Rattlesnake Canyon Grocery;Federal Shipping;1996-07-22 00:00:00.000;1996-08-19 00:00:00.000;5414
10263;Ernst Handel;Federal Shipping;1996-07-23 00:00:00.000;1996-08-20 00:00:00.000;5415
10264;Folk och fä HB;Federal Shipping;1996-07-24 00:00:00.000;1996-08-21 00:00:00.000;5416
10265;Blondesddsl pere et fils;Speedy Express;1996-07-25 00:00:00.000;1996-08-22 00:00:00.000;5417
10266;Wartian Herkku;Federal Shipping;1996-07-26 00:00:00.000;1996-09-06 00:00:00.000;5418
10267;Frankenversand;Speedy Express;1996-07-29 00:00:00.000;1996-08-26 00:00:00.000;5419
10268;GROSELLA-Restaurante;Federal Shipping;1996-07-30 00:00:00.000;1996-08-27 00:00:00.000;5420
10269;White Clover Markets;Speedy Express;1996-07-31 00:00:00.000;1996-08-14 00:00:00.000;5421
10270;Wartian Herkku;Speedy Express;1996-08-01 00:00:00.000;1996-08-29 00:00:00.000;5422
10271;Split Rail Beer & Ale;United Package;1996-08-01 00:00:00.000;1996-08-29 00:00:00.000;5423
10272;Rattlesnake Canyon Grocery;United Package;1996-08-02 00:00:00.000;1996-08-30 00:00:00.000;5424
10273;QUICK-Stop;Federal Shipping;1996-08-05 00:00:00.000;1996-09-02 00:00:00.000;5425
10274;Vins et alcools Chevalier;Speedy Express;1996-08-06 00:00:00.000;1996-09-03 00:00:00.000;5426
10275;Magazzini Alimentari Riuniti;Speedy Express;1996-08-07 00:00:00.000;1996-09-04 00:00:00.000;5427
10276;Tortuga Restaurante;Federal Shipping;1996-08-08 00:00:00.000;1996-08-22 00:00:00.000;5428
10277;Morgenstern Gesundkost;Federal Shipping;1996-08-09 00:00:00.000;1996-09-06 00:00:00.000;5429
10278;Berglunds snabbköp;United Package;1996-08-12 00:00:00.000;1996-09-09 00:00:00.000;5430
10279;Lehmanns Marktstand;United Package;1996-08-13 00:00:00.000;1996-09-10 00:00:00.000;5431
10280;Berglunds snabbköp;Speedy Express;1996-08-14 00:00:00.000;1996-09-11 00:00:00.000;5432
10281;Romero y tomillo;Speedy Express;1996-08-14 00:00:00.000;1996-08-28 00:00:00.000;5433
10282;Romero y tomillo;Speedy Express;1996-08-15 00:00:00.000;1996-09-12 00:00:00.000;5434
10283;LILA-Supermercado;Federal Shipping;1996-08-16 00:00:00.000;1996-09-13 00:00:00.000;5435
10284;Lehmanns Marktstand;Speedy Express;1996-08-19 00:00:00.000;1996-09-16 00:00:00.000;5436
10285;QUICK-Stop;United Package;1996-08-20 00:00:00.000;1996-09-17 00:00:00.000;5437
10286;QUICK-Stop;Federal Shipping;1996-08-21 00:00:00.000;1996-09-18 00:00:00.000;5438
10287;Ricardo Adocicados;Federal Shipping;1996-08-22 00:00:00.000;1996-09-19 00:00:00.000;5439
10288;Reggiani Caseifici;Speedy Express;1996-08-23 00:00:00.000;1996-09-20 00:00:00.000;5440
10289;B's Beverages;Federal Shipping;1996-08-26 00:00:00.000;1996-09-23 00:00:00.000;5441
10290;Comércio Mineiro;Speedy Express;1996-08-27 00:00:00.000;1996-09-24 00:00:00.000;5442
10291;Que Delícia;United Package;1996-08-27 00:00:00.000;1996-09-24 00:00:00.000;5443
10292;Tradiçao Hipermercados;United Package;1996-08-28 00:00:00.000;1996-09-25 00:00:00.000;5444
10293;Tortuga Restaurante;Federal Shipping;1996-08-29 00:00:00.000;1996-09-26 00:00:00.000;5445
10294;Rattlesnake Canyon Grocery;United Package;1996-08-30 00:00:00.000;1996-09-27 00:00:00.000;5446
10295;Vins et alcools Chevalier;United Package;1996-09-02 00:00:00.000;1996-09-30 00:00:00.000;5447
10296;LILA-Supermercado;Speedy Express;1996-09-03 00:00:00.000;1996-10-01 00:00:00.000;5448
10297;Blondesddsl pere et fils;United Package;1996-09-04 00:00:00.000;1996-10-16 00:00:00.000;5449
10298;Hungry Owl All-Night Grocers;United Package;1996-09-05 00:00:00.000;1996-10-03 00:00:00.000;5450
10299;Ricardo Adocicados;United Package;1996-09-06 00:00:00.000;1996-10-04 00:00:00.000;5451
10300;Magazzini Alimentari Riuniti;United Package;1996-09-09 00:00:00.000;1996-10-07 00:00:00.000;5452
10301;Die Wandernde Kuh;United Package;1996-09-09 00:00:00.000;1996-10-07 00:00:00.000;5453
10302;Supremes délices;United Package;1996-09-10 00:00:00.000;1996-10-08 00:00:00.000;5454
10303;Godos Cocina Típica;United Package;1996-09-11 00:00:00.000;1996-10-09 00:00:00.000;5455
10304;Tortuga Restaurante;United Package;1996-09-12 00:00:00.000;1996-10-10 00:00:00.000;5456
10305;Old World Delicatessen;Federal Shipping;1996-09-13 00:00:00.000;1996-10-11 00:00:00.000;5457
10306;Romero y tomillo;Federal Shipping;1996-09-16 00:00:00.000;1996-10-14 00:00:00.000;5458
10307;Lonesome Pine Restaurant;United Package;1996-09-17 00:00:00.000;1996-10-15 00:00:00.000;5459
10308;Ana Trujillo Emparedados y helados;Federal Shipping;1996-09-18 00:00:00.000;1996-10-16 00:00:00.000;5460
10309;Hungry Owl All-Night Grocers;Speedy Express;1996-09-19 00:00:00.000;1996-10-17 00:00:00.000;5461
10310;The Big Cheese;United Package;1996-09-20 00:00:00.000;1996-10-18 00:00:00.000;5462
10311;Du monde entier;Federal Shipping;1996-09-20 00:00:00.000;1996-10-04 00:00:00.000;5463
10312;Die Wandernde Kuh;United Package;1996-09-23 00:00:00.000;1996-10-21 00:00:00.000;5464
10313;QUICK-Stop;United Package;1996-09-24 00:00:00.000;1996-10-22 00:00:00.000;5465
10314;Rattlesnake Canyon Grocery;United Package;1996-09-25 00:00:00.000;1996-10-23 00:00:00.000;5466
10315;Island Trading;United Package;1996-09-26 00:00:00.000;1996-10-24 00:00:00.000;5467
10316;Rattlesnake Canyon Grocery;Federal Shipping;1996-09-27 00:00:00.000;1996-10-25 00:00:00.000;5468
10317;Lonesome Pine Restaurant;Speedy Express;1996-09-30 00:00:00.000;1996-10-28 00:00:00.000;5469
10318;Island Trading;United Package;1996-10-01 00:00:00.000;1996-10-29 00:00:00.000;5470
10319;Tortuga Restaurante;Federal Shipping;1996-10-02 00:00:00.000;1996-10-30 00:00:00.000;5471
10320;Wartian Herkku;Federal Shipping;1996-10-03 00:00:00.000;1996-10-17 00:00:00.000;5472
10321;Island Trading;United Package;1996-10-03 00:00:00.000;1996-10-31 00:00:00.000;5473
10322;Pericles Comidas clásicas;Federal Shipping;1996-10-04 00:00:00.000;1996-11-01 00:00:00.000;5474
10323;Königlich Essen;Speedy Express;1996-10-07 00:00:00.000;1996-11-04 00:00:00.000;5475
10324;Save-a-lot Markets;Speedy Express;1996-10-08 00:00:00.000;1996-11-05 00:00:00.000;5476
10325;Königlich Essen;Federal Shipping;1996-10-09 00:00:00.000;1996-10-23 00:00:00.000;5477
10326;Bólido Comidas preparadas;United Package;1996-10-10 00:00:00.000;1996-11-07 00:00:00.000;5478
10327;Folk och fä HB;Speedy Express;1996-10-11 00:00:00.000;1996-11-08 00:00:00.000;5479
10328;Furia Bacalhau e Frutos do Mar;Federal Shipping;1996-10-14 00:00:00.000;1996-11-11 00:00:00.000;5480
10329;Split Rail Beer & Ale;United Package;1996-10-15 00:00:00.000;1996-11-26 00:00:00.000;5481
10330;LILA-Supermercado;Speedy Express;1996-10-16 00:00:00.000;1996-11-13 00:00:00.000;5482
10331;Bon app';Speedy Express;1996-10-16 00:00:00.000;1996-11-27 00:00:00.000;5483
10332;Mere Paillarde;United Package;1996-10-17 00:00:00.000;1996-11-28 00:00:00.000;5484
10333;Wartian Herkku;Federal Shipping;1996-10-18 00:00:00.000;1996-11-15 00:00:00.000;5485
10334;Victuailles en stock;United Package;1996-10-21 00:00:00.000;1996-11-18 00:00:00.000;5486
10335;Hungry Owl All-Night Grocers;United Package;1996-10-22 00:00:00.000;1996-11-19 00:00:00.000;5487
10336;Princesa Isabel Vinhos;United Package;1996-10-23 00:00:00.000;1996-11-20 00:00:00.000;5488
10337;Frankenversand;Federal Shipping;1996-10-24 00:00:00.000;1996-11-21 00:00:00.000;5489
10338;Old World Delicatessen;Federal Shipping;1996-10-25 00:00:00.000;1996-11-22 00:00:00.000;5490
10339;Mere Paillarde;United Package;1996-10-28 00:00:00.000;1996-11-25 00:00:00.000;5491
10340;Bon app';Federal Shipping;1996-10-29 00:00:00.000;1996-11-26 00:00:00.000;5492
10341;Simons bistro;Federal Shipping;1996-10-29 00:00:00.000;1996-11-26 00:00:00.000;5493
10342;Frankenversand;United Package;1996-10-30 00:00:00.000;1996-11-13 00:00:00.000;5494
10343;Lehmanns Marktstand;Speedy Express;1996-10-31 00:00:00.000;1996-11-28 00:00:00.000;5495
10344;White Clover Markets;United Package;1996-11-01 00:00:00.000;1996-11-29 00:00:00.000;5496
10345;QUICK-Stop;United Package;1996-11-04 00:00:00.000;1996-12-02 00:00:00.000;5497
10346;Rattlesnake Canyon Grocery;Federal Shipping;1996-11-05 00:00:00.000;1996-12-17 00:00:00.000;5498
10347;Familia Arquibaldo;Federal Shipping;1996-11-06 00:00:00.000;1996-12-04 00:00:00.000;5499
10348;Die Wandernde Kuh;United Package;1996-11-07 00:00:00.000;1996-12-05 00:00:00.000;5500
10349;Split Rail Beer & Ale;Speedy Express;1996-11-08 00:00:00.000;1996-12-06 00:00:00.000;5501
10350;La maison d'Asie;United Package;1996-11-11 00:00:00.000;1996-12-09 00:00:00.000;5502
10351;Ernst Handel;Speedy Express;1996-11-11 00:00:00.000;1996-12-09 00:00:00.000;5503
10352;Furia Bacalhau e Frutos do Mar;Federal Shipping;1996-11-12 00:00:00.000;1996-11-26 00:00:00.000;5504
10353;Piccolo und mehr;Federal Shipping;1996-11-13 00:00:00.000;1996-12-11 00:00:00.000;5505
10354;Pericles Comidas clásicas;Federal Shipping;1996-11-14 00:00:00.000;1996-12-12 00:00:00.000;5506
10355;Around the Horn;Speedy Express;1996-11-15 00:00:00.000;1996-12-13 00:00:00.000;5507
10356;Die Wandernde Kuh;United Package;1996-11-18 00:00:00.000;1996-12-16 00:00:00.000;5508
10357;LILA-Supermercado;Federal Shipping;1996-11-19 00:00:00.000;1996-12-17 00:00:00.000;5509
10358;La maison d'Asie;Speedy Express;1996-11-20 00:00:00.000;1996-12-18 00:00:00.000;5510
10359;Seven Seas Imports;Federal Shipping;1996-11-21 00:00:00.000;1996-12-19 00:00:00.000;5511
10360;Blondesddsl pere et fils;Federal Shipping;1996-11-22 00:00:00.000;1996-12-20 00:00:00.000;5512
10361;QUICK-Stop;United Package;1996-11-22 00:00:00.000;1996-12-20 00:00:00.000;5513
10362;Bon app';Speedy Express;1996-11-25 00:00:00.000;1996-12-23 00:00:00.000;5514
10363;Drachenblut Delikatessen;Federal Shipping;1996-11-26 00:00:00.000;1996-12-24 00:00:00.000;5515
10364;Eastern Connection;Speedy Express;1996-11-26 00:00:00.000;1997-01-07 00:00:00.000;5516
10365;Antonio Moreno Taquería;United Package;1996-11-27 00:00:00.000;1996-12-25 00:00:00.000;5517
10366;Galería del gastrónomo;United Package;1996-11-28 00:00:00.000;1997-01-09 00:00:00.000;5518
10367;Vaffeljernet;Federal Shipping;1996-11-28 00:00:00.000;1996-12-26 00:00:00.000;5519
10368;Ernst Handel;United Package;1996-11-29 00:00:00.000;1996-12-27 00:00:00.000;5520
10369;Split Rail Beer & Ale;United Package;1996-12-02 00:00:00.000;1996-12-30 00:00:00.000;5521
10370;Chop-suey Chinese;United Package;1996-12-03 00:00:00.000;1996-12-31 00:00:00.000;5522
10371;La maison d'Asie;Speedy Express;1996-12-03 00:00:00.000;1996-12-31 00:00:00.000;5523
10372;Queen Cozinha;United Package;1996-12-04 00:00:00.000;1997-01-01 00:00:00.000;5524
10373;Hungry Owl All-Night Grocers;Federal Shipping;1996-12-05 00:00:00.000;1997-01-02 00:00:00.000;5525
10374;Wolski  Zajazd;Federal Shipping;1996-12-05 00:00:00.000;1997-01-02 00:00:00.000;5526
10375;Hungry Coyote Import Store;United Package;1996-12-06 00:00:00.000;1997-01-03 00:00:00.000;5527
10376;Mere Paillarde;United Package;1996-12-09 00:00:00.000;1997-01-06 00:00:00.000;5528
10377;Seven Seas Imports;Federal Shipping;1996-12-09 00:00:00.000;1997-01-06 00:00:00.000;5529
10378;Folk och fä HB;Federal Shipping;1996-12-10 00:00:00.000;1997-01-07 00:00:00.000;5530
10379;Que Delícia;Speedy Express;1996-12-11 00:00:00.000;1997-01-08 00:00:00.000;5531
10380;Hungry Owl All-Night Grocers;Federal Shipping;1996-12-12 00:00:00.000;1997-01-09 00:00:00.000;5532
10381;LILA-Supermercado;Federal Shipping;1996-12-12 00:00:00.000;1997-01-09 00:00:00.000;5533
10382;Ernst Handel;Speedy Express;1996-12-13 00:00:00.000;1997-01-10 00:00:00.000;5534
10383;Around the Horn;Federal Shipping;1996-12-16 00:00:00.000;1997-01-13 00:00:00.000;5535
10384;Berglunds snabbköp;Federal Shipping;1996-12-16 00:00:00.000;1997-01-13 00:00:00.000;5536
10385;Split Rail Beer & Ale;United Package;1996-12-17 00:00:00.000;1997-01-14 00:00:00.000;5537
10386;Familia Arquibaldo;Federal Shipping;1996-12-18 00:00:00.000;1997-01-01 00:00:00.000;5538
10387;Santé Gourmet;United Package;1996-12-18 00:00:00.000;1997-01-15 00:00:00.000;5539
10388;Seven Seas Imports;Speedy Express;1996-12-19 00:00:00.000;1997-01-16 00:00:00.000;5540
10389;Bottom-Dollar Markets;United Package;1996-12-20 00:00:00.000;1997-01-17 00:00:00.000;5541
10390;Ernst Handel;Speedy Express;1996-12-23 00:00:00.000;1997-01-20 00:00:00.000;5542
10391;Drachenblut Delikatessen;Federal Shipping;1996-12-23 00:00:00.000;1997-01-20 00:00:00.000;5543
10392;Piccolo und mehr;Federal Shipping;1996-12-24 00:00:00.000;1997-01-21 00:00:00.000;5544
10393;Save-a-lot Markets;Federal Shipping;1996-12-25 00:00:00.000;1997-01-22 00:00:00.000;5545
10394;Hungry Coyote Import Store;Federal Shipping;1996-12-25 00:00:00.000;1997-01-22 00:00:00.000;5546
10395;HILARION-Abastos;Speedy Express;1996-12-26 00:00:00.000;1997-01-23 00:00:00.000;5547
10396;Frankenversand;Federal Shipping;1996-12-27 00:00:00.000;1997-01-10 00:00:00.000;5548
10397;Princesa Isabel Vinhos;Speedy Express;1996-12-27 00:00:00.000;1997-01-24 00:00:00.000;5549
10398;Save-a-lot Markets;Federal Shipping;1996-12-30 00:00:00.000;1997-01-27 00:00:00.000;5550
10399;Vaffeljernet;Federal Shipping;1996-12-31 00:00:00.000;1997-01-14 00:00:00.000;5551
10400;Eastern Connection;Federal Shipping;1997-01-01 00:00:00.000;1997-01-29 00:00:00.000;5552
10401;Rattlesnake Canyon Grocery;Speedy Express;1997-01-01 00:00:00.000;1997-01-29 00:00:00.000;5553
10402;Ernst Handel;United Package;1997-01-02 00:00:00.000;1997-02-13 00:00:00.000;5554
10403;Ernst Handel;Federal Shipping;1997-01-03 00:00:00.000;1997-01-31 00:00:00.000;5555
10404;Magazzini Alimentari Riuniti;Speedy Express;1997-01-03 00:00:00.000;1997-01-31 00:00:00.000;5556
10405;LINO-Delicateses;Speedy Express;1997-01-06 00:00:00.000;1997-02-03 00:00:00.000;5557
10406;Queen Cozinha;Speedy Express;1997-01-07 00:00:00.000;1997-02-18 00:00:00.000;5558
10407;Ottilies Käseladen;United Package;1997-01-07 00:00:00.000;1997-02-04 00:00:00.000;5559
10408;Folies gourmandes;Speedy Express;1997-01-08 00:00:00.000;1997-02-05 00:00:00.000;5560
10409;Océano Atlántico Ltda.;Speedy Express;1997-01-09 00:00:00.000;1997-02-06 00:00:00.000;5561
10410;Bottom-Dollar Markets;Federal Shipping;1997-01-10 00:00:00.000;1997-02-07 00:00:00.000;5562
10411;Bottom-Dollar Markets;Federal Shipping;1997-01-10 00:00:00.000;1997-02-07 00:00:00.000;5563
10412;Wartian Herkku;United Package;1997-01-13 00:00:00.000;1997-02-10 00:00:00.000;5564
10413;La maison d'Asie;United Package;1997-01-14 00:00:00.000;1997-02-11 00:00:00.000;5565
10414;Familia Arquibaldo;Federal Shipping;1997-01-14 00:00:00.000;1997-02-11 00:00:00.000;5566
10415;Hungry Coyote Import Store;Speedy Express;1997-01-15 00:00:00.000;1997-02-12 00:00:00.000;5567
10416;Wartian Herkku;Federal Shipping;1997-01-16 00:00:00.000;1997-02-13 00:00:00.000;5568
10417;Simons bistro;Federal Shipping;1997-01-16 00:00:00.000;1997-02-13 00:00:00.000;5569
10418;QUICK-Stop;Speedy Express;1997-01-17 00:00:00.000;1997-02-14 00:00:00.000;5570
10419;Richter Supermarkt;United Package;1997-01-20 00:00:00.000;1997-02-17 00:00:00.000;5571
10420;Wellington Importadora;Speedy Express;1997-01-21 00:00:00.000;1997-02-18 00:00:00.000;5572
10421;Que Delícia;Speedy Express;1997-01-21 00:00:00.000;1997-03-04 00:00:00.000;5573
10422;Franchi S.p.A.;Speedy Express;1997-01-22 00:00:00.000;1997-02-19 00:00:00.000;5574
10423;Gourmet Lanchonetes;Federal Shipping;1997-01-23 00:00:00.000;1997-02-06 00:00:00.000;5575
10424;Mere Paillarde;United Package;1997-01-23 00:00:00.000;1997-02-20 00:00:00.000;5576
10425;La maison d'Asie;United Package;1997-01-24 00:00:00.000;1997-02-21 00:00:00.000;5577
10426;Galería del gastrónomo;Speedy Express;1997-01-27 00:00:00.000;1997-02-24 00:00:00.000;5578
10427;Piccolo und mehr;United Package;1997-01-27 00:00:00.000;1997-02-24 00:00:00.000;5579
10428;Reggiani Caseifici;Speedy Express;1997-01-28 00:00:00.000;1997-02-25 00:00:00.000;5580
10429;Hungry Owl All-Night Grocers;United Package;1997-01-29 00:00:00.000;1997-03-12 00:00:00.000;5581
10430;Ernst Handel;Speedy Express;1997-01-30 00:00:00.000;1997-02-13 00:00:00.000;5582
10431;Bottom-Dollar Markets;United Package;1997-01-30 00:00:00.000;1997-02-13 00:00:00.000;5583
10432;Split Rail Beer & Ale;United Package;1997-01-31 00:00:00.000;1997-02-14 00:00:00.000;5584
10433;Princesa Isabel Vinhos;Federal Shipping;1997-02-03 00:00:00.000;1997-03-03 00:00:00.000;5585
10434;Folk och fä HB;United Package;1997-02-03 00:00:00.000;1997-03-03 00:00:00.000;5586
10435;Consolidated Holdings;United Package;1997-02-04 00:00:00.000;1997-03-18 00:00:00.000;5587
10436;Blondesddsl pere et fils;United Package;1997-02-05 00:00:00.000;1997-03-05 00:00:00.000;5588
10437;Wartian Herkku;Speedy Express;1997-02-05 00:00:00.000;1997-03-05 00:00:00.000;5589
10438;Toms Spezialitäten;United Package;1997-02-06 00:00:00.000;1997-03-06 00:00:00.000;5590
10439;Mere Paillarde;Federal Shipping;1997-02-07 00:00:00.000;1997-03-07 00:00:00.000;5591
10440;Save-a-lot Markets;United Package;1997-02-10 00:00:00.000;1997-03-10 00:00:00.000;5592
10441;Old World Delicatessen;United Package;1997-02-10 00:00:00.000;1997-03-24 00:00:00.000;5593
10442;Ernst Handel;United Package;1997-02-11 00:00:00.000;1997-03-11 00:00:00.000;5594
10443;Reggiani Caseifici;Speedy Express;1997-02-12 00:00:00.000;1997-03-12 00:00:00.000;5595
10444;Berglunds snabbköp;Federal Shipping;1997-02-12 00:00:00.000;1997-03-12 00:00:00.000;5596
10445;Berglunds snabbköp;Speedy Express;1997-02-13 00:00:00.000;1997-03-13 00:00:00.000;5597
10446;Toms Spezialitäten;Speedy Express;1997-02-14 00:00:00.000;1997-03-14 00:00:00.000;5598
10447;Ricardo Adocicados;United Package;1997-02-14 00:00:00.000;1997-03-14 00:00:00.000;5599
10448;Rancho grande;United Package;1997-02-17 00:00:00.000;1997-03-17 00:00:00.000;5600
10449;Blondesddsl pere et fils;United Package;1997-02-18 00:00:00.000;1997-03-18 00:00:00.000;5601
10450;Victuailles en stock;United Package;1997-02-19 00:00:00.000;1997-03-19 00:00:00.000;5602
10451;QUICK-Stop;Federal Shipping;1997-02-19 00:00:00.000;1997-03-05 00:00:00.000;5603
10452;Save-a-lot Markets;Speedy Express;1997-02-20 00:00:00.000;1997-03-20 00:00:00.000;5604
10453;Around the Horn;United Package;1997-02-21 00:00:00.000;1997-03-21 00:00:00.000;5605
10454;La maison d'Asie;Federal Shipping;1997-02-21 00:00:00.000;1997-03-21 00:00:00.000;5606
10455;Wartian Herkku;United Package;1997-02-24 00:00:00.000;1997-04-07 00:00:00.000;5607
10456;Königlich Essen;United Package;1997-02-25 00:00:00.000;1997-04-08 00:00:00.000;5608
10457;Königlich Essen;Speedy Express;1997-02-25 00:00:00.000;1997-03-25 00:00:00.000;5609
10458;Supremes délices;Federal Shipping;1997-02-26 00:00:00.000;1997-03-26 00:00:00.000;5610
10459;Victuailles en stock;United Package;1997-02-27 00:00:00.000;1997-03-27 00:00:00.000;5611
10460;Folk och fä HB;Speedy Express;1997-02-28 00:00:00.000;1997-03-28 00:00:00.000;5612
10461;LILA-Supermercado;Federal Shipping;1997-02-28 00:00:00.000;1997-03-28 00:00:00.000;5613
10462;Consolidated Holdings;Speedy Express;1997-03-03 00:00:00.000;1997-03-31 00:00:00.000;5614
10463;Supremes délices;Federal Shipping;1997-03-04 00:00:00.000;1997-04-01 00:00:00.000;5615
10464;Furia Bacalhau e Frutos do Mar;United Package;1997-03-04 00:00:00.000;1997-04-01 00:00:00.000;5616
10465;Vaffeljernet;Federal Shipping;1997-03-05 00:00:00.000;1997-04-02 00:00:00.000;5617
10466;Comércio Mineiro;Speedy Express;1997-03-06 00:00:00.000;1997-04-03 00:00:00.000;5618
10467;Magazzini Alimentari Riuniti;United Package;1997-03-06 00:00:00.000;1997-04-03 00:00:00.000;5619
10468;Königlich Essen;Federal Shipping;1997-03-07 00:00:00.000;1997-04-04 00:00:00.000;5620
10469;White Clover Markets;Speedy Express;1997-03-10 00:00:00.000;1997-04-07 00:00:00.000;5621
10470;Bon app';United Package;1997-03-11 00:00:00.000;1997-04-08 00:00:00.000;5622
10471;B's Beverages;Federal Shipping;1997-03-11 00:00:00.000;1997-04-08 00:00:00.000;5623
10472;Seven Seas Imports;Speedy Express;1997-03-12 00:00:00.000;1997-04-09 00:00:00.000;5624
10473;Island Trading;Federal Shipping;1997-03-13 00:00:00.000;1997-03-27 00:00:00.000;5625
10474;Pericles Comidas clásicas;United Package;1997-03-13 00:00:00.000;1997-04-10 00:00:00.000;5626
10475;Supremes délices;Speedy Express;1997-03-14 00:00:00.000;1997-04-11 00:00:00.000;5627
10476;HILARION-Abastos;Federal Shipping;1997-03-17 00:00:00.000;1997-04-14 00:00:00.000;5628
10477;Princesa Isabel Vinhos;United Package;1997-03-17 00:00:00.000;1997-04-14 00:00:00.000;5629
10478;Victuailles en stock;Federal Shipping;1997-03-18 00:00:00.000;1997-04-01 00:00:00.000;5630
10479;Rattlesnake Canyon Grocery;Federal Shipping;1997-03-19 00:00:00.000;1997-04-16 00:00:00.000;5631
10480;Folies gourmandes;United Package;1997-03-20 00:00:00.000;1997-04-17 00:00:00.000;5632
10481;Ricardo Adocicados;United Package;1997-03-20 00:00:00.000;1997-04-17 00:00:00.000;5633
10482;Lazy K Kountry Store;Federal Shipping;1997-03-21 00:00:00.000;1997-04-18 00:00:00.000;5634
10483;White Clover Markets;United Package;1997-03-24 00:00:00.000;1997-04-21 00:00:00.000;5635
10484;B's Beverages;Federal Shipping;1997-03-24 00:00:00.000;1997-04-21 00:00:00.000;5636
10485;LINO-Delicateses;United Package;1997-03-25 00:00:00.000;1997-04-08 00:00:00.000;5637
10486;HILARION-Abastos;United Package;1997-03-26 00:00:00.000;1997-04-23 00:00:00.000;5638
10487;Queen Cozinha;United Package;1997-03-26 00:00:00.000;1997-04-23 00:00:00.000;5639
10488;Frankenversand;United Package;1997-03-27 00:00:00.000;1997-04-24 00:00:00.000;5640
10489;Piccolo und mehr;United Package;1997-03-28 00:00:00.000;1997-04-25 00:00:00.000;5641
10490;HILARION-Abastos;United Package;1997-03-31 00:00:00.000;1997-04-28 00:00:00.000;5642
10491;Furia Bacalhau e Frutos do Mar;Federal Shipping;1997-03-31 00:00:00.000;1997-04-28 00:00:00.000;5643
10492;Bottom-Dollar Markets;Speedy Express;1997-04-01 00:00:00.000;1997-04-29 00:00:00.000;5644
10493;La maison d'Asie;Federal Shipping;1997-04-02 00:00:00.000;1997-04-30 00:00:00.000;5645
10494;Comércio Mineiro;United Package;1997-04-02 00:00:00.000;1997-04-30 00:00:00.000;5646
10495;Laughing Bacchus Wine Cellars;Federal Shipping;1997-04-03 00:00:00.000;1997-05-01 00:00:00.000;5647
10496;Tradiçao Hipermercados;United Package;1997-04-04 00:00:00.000;1997-05-02 00:00:00.000;5648
10497;Lehmanns Marktstand;Speedy Express;1997-04-04 00:00:00.000;1997-05-02 00:00:00.000;5649
10498;HILARION-Abastos;United Package;1997-04-07 00:00:00.000;1997-05-05 00:00:00.000;5650
10499;LILA-Supermercado;United Package;1997-04-08 00:00:00.000;1997-05-06 00:00:00.000;5651
10500;La maison d'Asie;Speedy Express;1997-04-09 00:00:00.000;1997-05-07 00:00:00.000;5652
10501;Blauer See Delikatessen;Federal Shipping;1997-04-09 00:00:00.000;1997-05-07 00:00:00.000;5653
10502;Pericles Comidas clásicas;Speedy Express;1997-04-10 00:00:00.000;1997-05-08 00:00:00.000;5654
10503;Hungry Owl All-Night Grocers;United Package;1997-04-11 00:00:00.000;1997-05-09 00:00:00.000;5655
10504;White Clover Markets;Federal Shipping;1997-04-11 00:00:00.000;1997-05-09 00:00:00.000;5656
10505;Mere Paillarde;Federal Shipping;1997-04-14 00:00:00.000;1997-05-12 00:00:00.000;5657
10506;Königlich Essen;United Package;1997-04-15 00:00:00.000;1997-05-13 00:00:00.000;5658
10507;Antonio Moreno Taquería;Speedy Express;1997-04-15 00:00:00.000;1997-05-13 00:00:00.000;5659
10508;Ottilies Käseladen;United Package;1997-04-16 00:00:00.000;1997-05-14 00:00:00.000;5660
10509;Blauer See Delikatessen;Speedy Express;1997-04-17 00:00:00.000;1997-05-15 00:00:00.000;5661
10510;Save-a-lot Markets;Federal Shipping;1997-04-18 00:00:00.000;1997-05-16 00:00:00.000;5662
10511;Bon app';Federal Shipping;1997-04-18 00:00:00.000;1997-05-16 00:00:00.000;5663
10512;Familia Arquibaldo;United Package;1997-04-21 00:00:00.000;1997-05-19 00:00:00.000;5664
10513;Die Wandernde Kuh;Speedy Express;1997-04-22 00:00:00.000;1997-06-03 00:00:00.000;5665
10514;Ernst Handel;United Package;1997-04-22 00:00:00.000;1997-05-20 00:00:00.000;5666
10515;QUICK-Stop;Speedy Express;1997-04-23 00:00:00.000;1997-05-07 00:00:00.000;5667
10516;Hungry Owl All-Night Grocers;Federal Shipping;1997-04-24 00:00:00.000;1997-05-22 00:00:00.000;5668
10517;North/South;Federal Shipping;1997-04-24 00:00:00.000;1997-05-22 00:00:00.000;5669
10518;Tortuga Restaurante;United Package;1997-04-25 00:00:00.000;1997-05-09 00:00:00.000;5670
10519;Chop-suey Chinese;Federal Shipping;1997-04-28 00:00:00.000;1997-05-26 00:00:00.000;5671
10520;Santé Gourmet;Speedy Express;1997-04-29 00:00:00.000;1997-05-27 00:00:00.000;5672
10521;Cactus Comidas para llevar;United Package;1997-04-29 00:00:00.000;1997-05-27 00:00:00.000;5673
10522;Lehmanns Marktstand;Speedy Express;1997-04-30 00:00:00.000;1997-05-28 00:00:00.000;5674
10523;Seven Seas Imports;United Package;1997-05-01 00:00:00.000;1997-05-29 00:00:00.000;5675
10524;Berglunds snabbköp;United Package;1997-05-01 00:00:00.000;1997-05-29 00:00:00.000;5676
10525;Bon app';United Package;1997-05-02 00:00:00.000;1997-05-30 00:00:00.000;5677
10526;Wartian Herkku;United Package;1997-05-05 00:00:00.000;1997-06-02 00:00:00.000;5678
10527;QUICK-Stop;Speedy Express;1997-05-05 00:00:00.000;1997-06-02 00:00:00.000;5679
10528;Great Lakes Food Market;United Package;1997-05-06 00:00:00.000;1997-05-20 00:00:00.000;5680
10529;Maison Dewey;United Package;1997-05-07 00:00:00.000;1997-06-04 00:00:00.000;5681
10530;Piccolo und mehr;United Package;1997-05-08 00:00:00.000;1997-06-05 00:00:00.000;5682
10531;Océano Atlántico Ltda.;Speedy Express;1997-05-08 00:00:00.000;1997-06-05 00:00:00.000;5683
10532;Eastern Connection;Federal Shipping;1997-05-09 00:00:00.000;1997-06-06 00:00:00.000;5684
10533;Folk och fä HB;Speedy Express;1997-05-12 00:00:00.000;1997-06-09 00:00:00.000;5685
10534;Lehmanns Marktstand;United Package;1997-05-12 00:00:00.000;1997-06-09 00:00:00.000;5686
10535;Antonio Moreno Taquería;Speedy Express;1997-05-13 00:00:00.000;1997-06-10 00:00:00.000;5687
10536;Lehmanns Marktstand;United Package;1997-05-14 00:00:00.000;1997-06-11 00:00:00.000;5688
10537;Richter Supermarkt;Speedy Express;1997-05-14 00:00:00.000;1997-05-28 00:00:00.000;5689
10538;B's Beverages;Federal Shipping;1997-05-15 00:00:00.000;1997-06-12 00:00:00.000;5690
10539;B's Beverages;Federal Shipping;1997-05-16 00:00:00.000;1997-06-13 00:00:00.000;5691
10540;QUICK-Stop;Federal Shipping;1997-05-19 00:00:00.000;1997-06-16 00:00:00.000;5692
10541;Hanari Carnes;Speedy Express;1997-05-19 00:00:00.000;1997-06-16 00:00:00.000;5693
10542;Königlich Essen;Federal Shipping;1997-05-20 00:00:00.000;1997-06-17 00:00:00.000;5694
10543;LILA-Supermercado;United Package;1997-05-21 00:00:00.000;1997-06-18 00:00:00.000;5695
10544;Lonesome Pine Restaurant;Speedy Express;1997-05-21 00:00:00.000;1997-06-18 00:00:00.000;5696
10545;Lazy K Kountry Store;United Package;1997-05-22 00:00:00.000;1997-06-19 00:00:00.000;5697
10546;Victuailles en stock;Federal Shipping;1997-05-23 00:00:00.000;1997-06-20 00:00:00.000;5698
10547;Seven Seas Imports;United Package;1997-05-23 00:00:00.000;1997-06-20 00:00:00.000;5699
10548;Toms Spezialitäten;United Package;1997-05-26 00:00:00.000;1997-06-23 00:00:00.000;5700
10549;QUICK-Stop;Speedy Express;1997-05-27 00:00:00.000;1997-06-10 00:00:00.000;5701
10550;Godos Cocina Típica;Federal Shipping;1997-05-28 00:00:00.000;1997-06-25 00:00:00.000;5702
10551;Furia Bacalhau e Frutos do Mar;Federal Shipping;1997-05-28 00:00:00.000;1997-07-09 00:00:00.000;5703
10552;HILARION-Abastos;Speedy Express;1997-05-29 00:00:00.000;1997-06-26 00:00:00.000;5704
10553;Wartian Herkku;United Package;1997-05-30 00:00:00.000;1997-06-27 00:00:00.000;5705
10554;Ottilies Käseladen;Federal Shipping;1997-05-30 00:00:00.000;1997-06-27 00:00:00.000;5706
10555;Save-a-lot Markets;Federal Shipping;1997-06-02 00:00:00.000;1997-06-30 00:00:00.000;5707
10556;Simons bistro;Speedy Express;1997-06-03 00:00:00.000;1997-07-15 00:00:00.000;5708
10557;Lehmanns Marktstand;United Package;1997-06-03 00:00:00.000;1997-06-17 00:00:00.000;5709
10558;Around the Horn;United Package;1997-06-04 00:00:00.000;1997-07-02 00:00:00.000;5710
10559;Blondesddsl pere et fils;Speedy Express;1997-06-05 00:00:00.000;1997-07-03 00:00:00.000;5711
10560;Frankenversand;Speedy Express;1997-06-06 00:00:00.000;1997-07-04 00:00:00.000;5712
10561;Folk och fä HB;United Package;1997-06-06 00:00:00.000;1997-07-04 00:00:00.000;5713
10562;Reggiani Caseifici;Speedy Express;1997-06-09 00:00:00.000;1997-07-07 00:00:00.000;5714
10563;Ricardo Adocicados;United Package;1997-06-10 00:00:00.000;1997-07-22 00:00:00.000;5715
10564;Rattlesnake Canyon Grocery;Federal Shipping;1997-06-10 00:00:00.000;1997-07-08 00:00:00.000;5716
10565;Mere Paillarde;United Package;1997-06-11 00:00:00.000;1997-07-09 00:00:00.000;5717
10566;Blondesddsl pere et fils;Speedy Express;1997-06-12 00:00:00.000;1997-07-10 00:00:00.000;5718
10567;Hungry Owl All-Night Grocers;Speedy Express;1997-06-12 00:00:00.000;1997-07-10 00:00:00.000;5719
10568;Galería del gastrónomo;Federal Shipping;1997-06-13 00:00:00.000;1997-07-11 00:00:00.000;5720
10569;Rattlesnake Canyon Grocery;Speedy Express;1997-06-16 00:00:00.000;1997-07-14 00:00:00.000;5721
10570;Mere Paillarde;Federal Shipping;1997-06-17 00:00:00.000;1997-07-15 00:00:00.000;5722
10571;Ernst Handel;Federal Shipping;1997-06-17 00:00:00.000;1997-07-29 00:00:00.000;5723
10572;Berglunds snabbköp;United Package;1997-06-18 00:00:00.000;1997-07-16 00:00:00.000;5724
10573;Antonio Moreno Taquería;Federal Shipping;1997-06-19 00:00:00.000;1997-07-17 00:00:00.000;5725
10574;Trail's Head Gourmet Provisioners;United Package;1997-06-19 00:00:00.000;1997-07-17 00:00:00.000;5726
10575;Morgenstern Gesundkost;Speedy Express;1997-06-20 00:00:00.000;1997-07-04 00:00:00.000;5727
10576;Tortuga Restaurante;Federal Shipping;1997-06-23 00:00:00.000;1997-07-07 00:00:00.000;5728
10577;Trail's Head Gourmet Provisioners;United Package;1997-06-23 00:00:00.000;1997-08-04 00:00:00.000;5729
10578;B's Beverages;Federal Shipping;1997-06-24 00:00:00.000;1997-07-22 00:00:00.000;5730
10579;Let's Stop N Shop;United Package;1997-06-25 00:00:00.000;1997-07-23 00:00:00.000;5731
10580;Ottilies Käseladen;Federal Shipping;1997-06-26 00:00:00.000;1997-07-24 00:00:00.000;5732
10581;Familia Arquibaldo;Speedy Express;1997-06-26 00:00:00.000;1997-07-24 00:00:00.000;5733
10582;Blauer See Delikatessen;United Package;1997-06-27 00:00:00.000;1997-07-25 00:00:00.000;5734
10583;Wartian Herkku;United Package;1997-06-30 00:00:00.000;1997-07-28 00:00:00.000;5735
10584;Blondesddsl pere et fils;Speedy Express;1997-06-30 00:00:00.000;1997-07-28 00:00:00.000;5736
10585;Wellington Importadora;Speedy Express;1997-07-01 00:00:00.000;1997-07-29 00:00:00.000;5737
10586;Reggiani Caseifici;Speedy Express;1997-07-02 00:00:00.000;1997-07-30 00:00:00.000;5738
10587;Que Delícia;Speedy Express;1997-07-02 00:00:00.000;1997-07-30 00:00:00.000;5739
10588;QUICK-Stop;Federal Shipping;1997-07-03 00:00:00.000;1997-07-31 00:00:00.000;5740
10589;Great Lakes Food Market;United Package;1997-07-04 00:00:00.000;1997-08-01 00:00:00.000;5741
10590;Mere Paillarde;Federal Shipping;1997-07-07 00:00:00.000;1997-08-04 00:00:00.000;5742
10591;Vaffeljernet;Speedy Express;1997-07-07 00:00:00.000;1997-07-21 00:00:00.000;5743
10592;Lehmanns Marktstand;Speedy Express;1997-07-08 00:00:00.000;1997-08-05 00:00:00.000;5744
10593;Lehmanns Marktstand;United Package;1997-07-09 00:00:00.000;1997-08-06 00:00:00.000;5745
10594;Old World Delicatessen;United Package;1997-07-09 00:00:00.000;1997-08-06 00:00:00.000;5746
10595;Ernst Handel;Speedy Express;1997-07-10 00:00:00.000;1997-08-07 00:00:00.000;5747
10596;White Clover Markets;Speedy Express;1997-07-11 00:00:00.000;1997-08-08 00:00:00.000;5748
10597;Piccolo und mehr;Federal Shipping;1997-07-11 00:00:00.000;1997-08-08 00:00:00.000;5749
10598;Rattlesnake Canyon Grocery;Federal Shipping;1997-07-14 00:00:00.000;1997-08-11 00:00:00.000;5750
10599;B's Beverages;Federal Shipping;1997-07-15 00:00:00.000;1997-08-26 00:00:00.000;5751
10600;Hungry Coyote Import Store;Speedy Express;1997-07-16 00:00:00.000;1997-08-13 00:00:00.000;5752
10601;HILARION-Abastos;Speedy Express;1997-07-16 00:00:00.000;1997-08-27 00:00:00.000;5753
10602;Vaffeljernet;United Package;1997-07-17 00:00:00.000;1997-08-14 00:00:00.000;5754
10603;Save-a-lot Markets;United Package;1997-07-18 00:00:00.000;1997-08-15 00:00:00.000;5755
10604;Furia Bacalhau e Frutos do Mar;Speedy Express;1997-07-18 00:00:00.000;1997-08-15 00:00:00.000;5756
10605;Mere Paillarde;United Package;1997-07-21 00:00:00.000;1997-08-18 00:00:00.000;5757
10606;Tradiçao Hipermercados;Federal Shipping;1997-07-22 00:00:00.000;1997-08-19 00:00:00.000;5758
10607;Save-a-lot Markets;Speedy Express;1997-07-22 00:00:00.000;1997-08-19 00:00:00.000;5759
10608;Toms Spezialitäten;United Package;1997-07-23 00:00:00.000;1997-08-20 00:00:00.000;5760
10609;Du monde entier;United Package;1997-07-24 00:00:00.000;1997-08-21 00:00:00.000;5761
10610;La maison d'Asie;Speedy Express;1997-07-25 00:00:00.000;1997-08-22 00:00:00.000;5762
10611;Wolski  Zajazd;United Package;1997-07-25 00:00:00.000;1997-08-22 00:00:00.000;5763
10612;Save-a-lot Markets;United Package;1997-07-28 00:00:00.000;1997-08-25 00:00:00.000;5764
10613;HILARION-Abastos;United Package;1997-07-29 00:00:00.000;1997-08-26 00:00:00.000;5765
10614;Blauer See Delikatessen;Federal Shipping;1997-07-29 00:00:00.000;1997-08-26 00:00:00.000;5766
10615;Wilman Kala;Federal Shipping;1997-07-30 00:00:00.000;1997-08-27 00:00:00.000;5767
10616;Great Lakes Food Market;United Package;1997-07-31 00:00:00.000;1997-08-28 00:00:00.000;5768
10617;Great Lakes Food Market;United Package;1997-07-31 00:00:00.000;1997-08-28 00:00:00.000;5769
10618;Mere Paillarde;Speedy Express;1997-08-01 00:00:00.000;1997-09-12 00:00:00.000;5770
10619;Mere Paillarde;Federal Shipping;1997-08-04 00:00:00.000;1997-09-01 00:00:00.000;5771
10620;Laughing Bacchus Wine Cellars;Federal Shipping;1997-08-05 00:00:00.000;1997-09-02 00:00:00.000;5772
10621;Island Trading;United Package;1997-08-05 00:00:00.000;1997-09-02 00:00:00.000;5773
10622;Ricardo Adocicados;Federal Shipping;1997-08-06 00:00:00.000;1997-09-03 00:00:00.000;5774
10623;Frankenversand;United Package;1997-08-07 00:00:00.000;1997-09-04 00:00:00.000;5775
10624;The Cracker Box;United Package;1997-08-07 00:00:00.000;1997-09-04 00:00:00.000;5776
10625;Ana Trujillo Emparedados y helados;Speedy Express;1997-08-08 00:00:00.000;1997-09-05 00:00:00.000;5777
10626;Berglunds snabbköp;United Package;1997-08-11 00:00:00.000;1997-09-08 00:00:00.000;5778
10627;Save-a-lot Markets;Federal Shipping;1997-08-11 00:00:00.000;1997-09-22 00:00:00.000;5779
10628;Blondesddsl pere et fils;Federal Shipping;1997-08-12 00:00:00.000;1997-09-09 00:00:00.000;5780
10629;Godos Cocina Típica;Federal Shipping;1997-08-12 00:00:00.000;1997-09-09 00:00:00.000;5781
10630;Königlich Essen;United Package;1997-08-13 00:00:00.000;1997-09-10 00:00:00.000;5782
10631;La maison d'Asie;Speedy Express;1997-08-14 00:00:00.000;1997-09-11 00:00:00.000;5783
10632;Die Wandernde Kuh;Speedy Express;1997-08-14 00:00:00.000;1997-09-11 00:00:00.000;5784
10633;Ernst Handel;Federal Shipping;1997-08-15 00:00:00.000;1997-09-12 00:00:00.000;5785
10634;Folies gourmandes;Federal Shipping;1997-08-15 00:00:00.000;1997-09-12 00:00:00.000;5786
10635;Magazzini Alimentari Riuniti;Federal Shipping;1997-08-18 00:00:00.000;1997-09-15 00:00:00.000;5787
10636;Wartian Herkku;Speedy Express;1997-08-19 00:00:00.000;1997-09-16 00:00:00.000;5788
10637;Queen Cozinha;Speedy Express;1997-08-19 00:00:00.000;1997-09-16 00:00:00.000;5789
10638;LINO-Delicateses;Speedy Express;1997-08-20 00:00:00.000;1997-09-17 00:00:00.000;5790
10639;Santé Gourmet;Federal Shipping;1997-08-20 00:00:00.000;1997-09-17 00:00:00.000;5791
10640;Die Wandernde Kuh;Speedy Express;1997-08-21 00:00:00.000;1997-09-18 00:00:00.000;5792
10641;HILARION-Abastos;United Package;1997-08-22 00:00:00.000;1997-09-19 00:00:00.000;5793
10642;Simons bistro;Federal Shipping;1997-08-22 00:00:00.000;1997-09-19 00:00:00.000;5794
10643;Alfreds Futterkiste;Speedy Express;1997-08-25 00:00:00.000;1997-09-22 00:00:00.000;5795
10644;Wellington Importadora;United Package;1997-08-25 00:00:00.000;1997-09-22 00:00:00.000;5796
10645;Hanari Carnes;Speedy Express;1997-08-26 00:00:00.000;1997-09-23 00:00:00.000;5797
10646;Hungry Owl All-Night Grocers;Federal Shipping;1997-08-27 00:00:00.000;1997-10-08 00:00:00.000;5798
10647;Que Delícia;United Package;1997-08-27 00:00:00.000;1997-09-10 00:00:00.000;5799
10648;Ricardo Adocicados;United Package;1997-08-28 00:00:00.000;1997-10-09 00:00:00.000;5800
10649;Maison Dewey;Federal Shipping;1997-08-28 00:00:00.000;1997-09-25 00:00:00.000;5801
10650;Familia Arquibaldo;Federal Shipping;1997-08-29 00:00:00.000;1997-09-26 00:00:00.000;5802
10651;Die Wandernde Kuh;United Package;1997-09-01 00:00:00.000;1997-09-29 00:00:00.000;5803
10652;Gourmet Lanchonetes;United Package;1997-09-01 00:00:00.000;1997-09-29 00:00:00.000;5804
10653;Frankenversand;Speedy Express;1997-09-02 00:00:00.000;1997-09-30 00:00:00.000;5805
10654;Berglunds snabbköp;Speedy Express;1997-09-02 00:00:00.000;1997-09-30 00:00:00.000;5806
10655;Reggiani Caseifici;United Package;1997-09-03 00:00:00.000;1997-10-01 00:00:00.000;5807
10656;Great Lakes Food Market;Speedy Express;1997-09-04 00:00:00.000;1997-10-02 00:00:00.000;5808
10657;Save-a-lot Markets;United Package;1997-09-04 00:00:00.000;1997-10-02 00:00:00.000;5809
10658;QUICK-Stop;Speedy Express;1997-09-05 00:00:00.000;1997-10-03 00:00:00.000;5810
10659;Queen Cozinha;United Package;1997-09-05 00:00:00.000;1997-10-03 00:00:00.000;5811
10660;Hungry Coyote Import Store;Speedy Express;1997-09-08 00:00:00.000;1997-10-06 00:00:00.000;5812
10661;Hungry Owl All-Night Grocers;Federal Shipping;1997-09-09 00:00:00.000;1997-10-07 00:00:00.000;5813
10662;Lonesome Pine Restaurant;United Package;1997-09-09 00:00:00.000;1997-10-07 00:00:00.000;5814
10663;Bon app';United Package;1997-09-10 00:00:00.000;1997-09-24 00:00:00.000;5815
10664;Furia Bacalhau e Frutos do Mar;Federal Shipping;1997-09-10 00:00:00.000;1997-10-08 00:00:00.000;5816
10665;Lonesome Pine Restaurant;United Package;1997-09-11 00:00:00.000;1997-10-09 00:00:00.000;5817
10666;Richter Supermarkt;United Package;1997-09-12 00:00:00.000;1997-10-10 00:00:00.000;5818
10667;Ernst Handel;Speedy Express;1997-09-12 00:00:00.000;1997-10-10 00:00:00.000;5819
10668;Die Wandernde Kuh;United Package;1997-09-15 00:00:00.000;1997-10-13 00:00:00.000;5820
10669;Simons bistro;Speedy Express;1997-09-15 00:00:00.000;1997-10-13 00:00:00.000;5821
10670;Frankenversand;Speedy Express;1997-09-16 00:00:00.000;1997-10-14 00:00:00.000;5822
10671;France restauration;Speedy Express;1997-09-17 00:00:00.000;1997-10-15 00:00:00.000;5823
10672;Berglunds snabbköp;United Package;1997-09-17 00:00:00.000;1997-10-01 00:00:00.000;5824
10673;Wilman Kala;Speedy Express;1997-09-18 00:00:00.000;1997-10-16 00:00:00.000;5825
10674;Island Trading;United Package;1997-09-18 00:00:00.000;1997-10-16 00:00:00.000;5826
10675;Frankenversand;United Package;1997-09-19 00:00:00.000;1997-10-17 00:00:00.000;5827
10676;Tortuga Restaurante;United Package;1997-09-22 00:00:00.000;1997-10-20 00:00:00.000;5828
10677;Antonio Moreno Taquería;Federal Shipping;1997-09-22 00:00:00.000;1997-10-20 00:00:00.000;5829
10678;Save-a-lot Markets;Federal Shipping;1997-09-23 00:00:00.000;1997-10-21 00:00:00.000;5830
10679;Blondesddsl pere et fils;Federal Shipping;1997-09-23 00:00:00.000;1997-10-21 00:00:00.000;5831
10680;Old World Delicatessen;Speedy Express;1997-09-24 00:00:00.000;1997-10-22 00:00:00.000;5832
10681;Great Lakes Food Market;Federal Shipping;1997-09-25 00:00:00.000;1997-10-23 00:00:00.000;5833
10682;Antonio Moreno Taquería;United Package;1997-09-25 00:00:00.000;1997-10-23 00:00:00.000;5834
10683;Du monde entier;Speedy Express;1997-09-26 00:00:00.000;1997-10-24 00:00:00.000;5835
10684;Ottilies Käseladen;Speedy Express;1997-09-26 00:00:00.000;1997-10-24 00:00:00.000;5836
10685;Gourmet Lanchonetes;United Package;1997-09-29 00:00:00.000;1997-10-13 00:00:00.000;5837
10686;Piccolo und mehr;Speedy Express;1997-09-30 00:00:00.000;1997-10-28 00:00:00.000;5838
10687;Hungry Owl All-Night Grocers;United Package;1997-09-30 00:00:00.000;1997-10-28 00:00:00.000;5839
10688;Vaffeljernet;United Package;1997-10-01 00:00:00.000;1997-10-15 00:00:00.000;5840
10689;Berglunds snabbköp;United Package;1997-10-01 00:00:00.000;1997-10-29 00:00:00.000;5841
10690;Hanari Carnes;Speedy Express;1997-10-02 00:00:00.000;1997-10-30 00:00:00.000;5842
10691;QUICK-Stop;United Package;1997-10-03 00:00:00.000;1997-11-14 00:00:00.000;5843
10692;Alfreds Futterkiste;United Package;1997-10-03 00:00:00.000;1997-10-31 00:00:00.000;5844
10693;White Clover Markets;Federal Shipping;1997-10-06 00:00:00.000;1997-10-20 00:00:00.000;5845
10694;QUICK-Stop;Federal Shipping;1997-10-06 00:00:00.000;1997-11-03 00:00:00.000;5846
10695;Wilman Kala;Speedy Express;1997-10-07 00:00:00.000;1997-11-18 00:00:00.000;5847
10696;White Clover Markets;Federal Shipping;1997-10-08 00:00:00.000;1997-11-19 00:00:00.000;5848
10697;LINO-Delicateses;Speedy Express;1997-10-08 00:00:00.000;1997-11-05 00:00:00.000;5849
10698;Ernst Handel;Speedy Express;1997-10-09 00:00:00.000;1997-11-06 00:00:00.000;5850
10699;Morgenstern Gesundkost;Federal Shipping;1997-10-09 00:00:00.000;1997-11-06 00:00:00.000;5851
10700;Save-a-lot Markets;Speedy Express;1997-10-10 00:00:00.000;1997-11-07 00:00:00.000;5852
10701;Hungry Owl All-Night Grocers;Federal Shipping;1997-10-13 00:00:00.000;1997-10-27 00:00:00.000;5853
10702;Alfreds Futterkiste;Speedy Express;1997-10-13 00:00:00.000;1997-11-24 00:00:00.000;5854
10703;Folk och fä HB;United Package;1997-10-14 00:00:00.000;1997-11-11 00:00:00.000;5855
10704;Queen Cozinha;Speedy Express;1997-10-14 00:00:00.000;1997-11-11 00:00:00.000;5856
10705;HILARION-Abastos;United Package;1997-10-15 00:00:00.000;1997-11-12 00:00:00.000;5857
10706;Old World Delicatessen;Federal Shipping;1997-10-16 00:00:00.000;1997-11-13 00:00:00.000;5858
10707;Around the Horn;Federal Shipping;1997-10-16 00:00:00.000;1997-10-30 00:00:00.000;5859
10708;The Big Cheese;United Package;1997-10-17 00:00:00.000;1997-11-28 00:00:00.000;5860
10709;Gourmet Lanchonetes;Federal Shipping;1997-10-17 00:00:00.000;1997-11-14 00:00:00.000;5861
10710;Franchi S.p.A.;Speedy Express;1997-10-20 00:00:00.000;1997-11-17 00:00:00.000;5862
10711;Save-a-lot Markets;United Package;1997-10-21 00:00:00.000;1997-12-02 00:00:00.000;5863
10712;Hungry Owl All-Night Grocers;Speedy Express;1997-10-21 00:00:00.000;1997-11-18 00:00:00.000;5864
10713;Save-a-lot Markets;Speedy Express;1997-10-22 00:00:00.000;1997-11-19 00:00:00.000;5865
10714;Save-a-lot Markets;Federal Shipping;1997-10-22 00:00:00.000;1997-11-19 00:00:00.000;5866
10715;Bon app';Speedy Express;1997-10-23 00:00:00.000;1997-11-06 00:00:00.000;5867
10716;Rancho grande;United Package;1997-10-24 00:00:00.000;1997-11-21 00:00:00.000;5868
10717;Frankenversand;United Package;1997-10-24 00:00:00.000;1997-11-21 00:00:00.000;5869
10718;Königlich Essen;Federal Shipping;1997-10-27 00:00:00.000;1997-11-24 00:00:00.000;5870
10719;Let's Stop N Shop;United Package;1997-10-27 00:00:00.000;1997-11-24 00:00:00.000;5871
10720;Que Delícia;United Package;1997-10-28 00:00:00.000;1997-11-11 00:00:00.000;5872
10721;QUICK-Stop;Federal Shipping;1997-10-29 00:00:00.000;1997-11-26 00:00:00.000;5873
10722;Save-a-lot Markets;Speedy Express;1997-10-29 00:00:00.000;1997-12-10 00:00:00.000;5874
10723;White Clover Markets;Speedy Express;1997-10-30 00:00:00.000;1997-11-27 00:00:00.000;5875
10724;Mere Paillarde;United Package;1997-10-30 00:00:00.000;1997-12-11 00:00:00.000;5876
10725;Familia Arquibaldo;Federal Shipping;1997-10-31 00:00:00.000;1997-11-28 00:00:00.000;5877
10726;Eastern Connection;Speedy Express;1997-11-03 00:00:00.000;1997-11-17 00:00:00.000;5878
10727;Reggiani Caseifici;Speedy Express;1997-11-03 00:00:00.000;1997-12-01 00:00:00.000;5879
10728;Queen Cozinha;United Package;1997-11-04 00:00:00.000;1997-12-02 00:00:00.000;5880
10729;LINO-Delicateses;Federal Shipping;1997-11-04 00:00:00.000;1997-12-16 00:00:00.000;5881
10730;Bon app';Speedy Express;1997-11-05 00:00:00.000;1997-12-03 00:00:00.000;5882
10731;Chop-suey Chinese;Speedy Express;1997-11-06 00:00:00.000;1997-12-04 00:00:00.000;5883
10732;Bon app';Speedy Express;1997-11-06 00:00:00.000;1997-12-04 00:00:00.000;5884
10733;Berglunds snabbköp;Federal Shipping;1997-11-07 00:00:00.000;1997-12-05 00:00:00.000;5885
10734;Gourmet Lanchonetes;Federal Shipping;1997-11-07 00:00:00.000;1997-12-05 00:00:00.000;5886
10735;Let's Stop N Shop;United Package;1997-11-10 00:00:00.000;1997-12-08 00:00:00.000;5887
10736;Hungry Owl All-Night Grocers;United Package;1997-11-11 00:00:00.000;1997-12-09 00:00:00.000;5888
10737;Vins et alcools Chevalier;United Package;1997-11-11 00:00:00.000;1997-12-09 00:00:00.000;5889
10738;Spécialités du monde;Speedy Express;1997-11-12 00:00:00.000;1997-12-10 00:00:00.000;5890
10739;Vins et alcools Chevalier;Federal Shipping;1997-11-12 00:00:00.000;1997-12-10 00:00:00.000;5891
10740;White Clover Markets;United Package;1997-11-13 00:00:00.000;1997-12-11 00:00:00.000;5892
10741;Around the Horn;Federal Shipping;1997-11-14 00:00:00.000;1997-11-28 00:00:00.000;5893
10742;Bottom-Dollar Markets;Federal Shipping;1997-11-14 00:00:00.000;1997-12-12 00:00:00.000;5894
10743;Around the Horn;United Package;1997-11-17 00:00:00.000;1997-12-15 00:00:00.000;5895
10744;Vaffeljernet;Speedy Express;1997-11-17 00:00:00.000;1997-12-15 00:00:00.000;5896
10745;QUICK-Stop;Speedy Express;1997-11-18 00:00:00.000;1997-12-16 00:00:00.000;5897
10746;Chop-suey Chinese;Federal Shipping;1997-11-19 00:00:00.000;1997-12-17 00:00:00.000;5898
10747;Piccolo und mehr;Speedy Express;1997-11-19 00:00:00.000;1997-12-17 00:00:00.000;5899
10748;Save-a-lot Markets;Speedy Express;1997-11-20 00:00:00.000;1997-12-18 00:00:00.000;5900
10749;Island Trading;United Package;1997-11-20 00:00:00.000;1997-12-18 00:00:00.000;5901
10750;Wartian Herkku;Speedy Express;1997-11-21 00:00:00.000;1997-12-19 00:00:00.000;5902
10751;Richter Supermarkt;Federal Shipping;1997-11-24 00:00:00.000;1997-12-22 00:00:00.000;5903
10752;North/South;Federal Shipping;1997-11-24 00:00:00.000;1997-12-22 00:00:00.000;5904
10753;Franchi S.p.A.;Speedy Express;1997-11-25 00:00:00.000;1997-12-23 00:00:00.000;5905
10754;Magazzini Alimentari Riuniti;Federal Shipping;1997-11-25 00:00:00.000;1997-12-23 00:00:00.000;5906
10755;Bon app';United Package;1997-11-26 00:00:00.000;1997-12-24 00:00:00.000;5907
10756;Split Rail Beer & Ale;United Package;1997-11-27 00:00:00.000;1997-12-25 00:00:00.000;5908
10757;Save-a-lot Markets;Speedy Express;1997-11-27 00:00:00.000;1997-12-25 00:00:00.000;5909
10758;Richter Supermarkt;Federal Shipping;1997-11-28 00:00:00.000;1997-12-26 00:00:00.000;5910
10759;Ana Trujillo Emparedados y helados;Federal Shipping;1997-11-28 00:00:00.000;1997-12-26 00:00:00.000;5911
10760;Maison Dewey;Speedy Express;1997-12-01 00:00:00.000;1997-12-29 00:00:00.000;5912
10761;Rattlesnake Canyon Grocery;United Package;1997-12-02 00:00:00.000;1997-12-30 00:00:00.000;5913
10762;Folk och fä HB;Speedy Express;1997-12-02 00:00:00.000;1997-12-30 00:00:00.000;5914
10763;Folies gourmandes;Federal Shipping;1997-12-03 00:00:00.000;1997-12-31 00:00:00.000;5915
10764;Ernst Handel;Federal Shipping;1997-12-03 00:00:00.000;1997-12-31 00:00:00.000;5916
10765;QUICK-Stop;Federal Shipping;1997-12-04 00:00:00.000;1998-01-01 00:00:00.000;5917
10766;Ottilies Käseladen;Speedy Express;1997-12-05 00:00:00.000;1998-01-02 00:00:00.000;5918
10767;Supremes délices;Federal Shipping;1997-12-05 00:00:00.000;1998-01-02 00:00:00.000;5919
10768;Around the Horn;United Package;1997-12-08 00:00:00.000;1998-01-05 00:00:00.000;5920
10769;Vaffeljernet;Speedy Express;1997-12-08 00:00:00.000;1998-01-05 00:00:00.000;5921
10770;Hanari Carnes;Federal Shipping;1997-12-09 00:00:00.000;1998-01-06 00:00:00.000;5922
10771;Ernst Handel;United Package;1997-12-10 00:00:00.000;1998-01-07 00:00:00.000;5923
10772;Lehmanns Marktstand;United Package;1997-12-10 00:00:00.000;1998-01-07 00:00:00.000;5924
10773;Ernst Handel;Federal Shipping;1997-12-11 00:00:00.000;1998-01-08 00:00:00.000;5925
10774;Folk och fä HB;Speedy Express;1997-12-11 00:00:00.000;1997-12-25 00:00:00.000;5926
10775;The Cracker Box;Speedy Express;1997-12-12 00:00:00.000;1998-01-09 00:00:00.000;5927
10776;Ernst Handel;Federal Shipping;1997-12-15 00:00:00.000;1998-01-12 00:00:00.000;5928
10777;Gourmet Lanchonetes;United Package;1997-12-15 00:00:00.000;1997-12-29 00:00:00.000;5929
10778;Berglunds snabbköp;Speedy Express;1997-12-16 00:00:00.000;1998-01-13 00:00:00.000;5930
10779;Morgenstern Gesundkost;United Package;1997-12-16 00:00:00.000;1998-01-13 00:00:00.000;5931
10780;LILA-Supermercado;Speedy Express;1997-12-16 00:00:00.000;1997-12-30 00:00:00.000;5932
10781;Wartian Herkku;Federal Shipping;1997-12-17 00:00:00.000;1998-01-14 00:00:00.000;5933
10782;Cactus Comidas para llevar;Federal Shipping;1997-12-17 00:00:00.000;1998-01-14 00:00:00.000;5934
10783;Hanari Carnes;United Package;1997-12-18 00:00:00.000;1998-01-15 00:00:00.000;5935
10784;Magazzini Alimentari Riuniti;Federal Shipping;1997-12-18 00:00:00.000;1998-01-15 00:00:00.000;5936
10785;GROSELLA-Restaurante;Federal Shipping;1997-12-18 00:00:00.000;1998-01-15 00:00:00.000;5937
10786;Queen Cozinha;Speedy Express;1997-12-19 00:00:00.000;1998-01-16 00:00:00.000;5938
10787;La maison d'Asie;Speedy Express;1997-12-19 00:00:00.000;1998-01-02 00:00:00.000;5939
10788;QUICK-Stop;United Package;1997-12-22 00:00:00.000;1998-01-19 00:00:00.000;5940
10789;Folies gourmandes;United Package;1997-12-22 00:00:00.000;1998-01-19 00:00:00.000;5941
10790;Gourmet Lanchonetes;Speedy Express;1997-12-22 00:00:00.000;1998-01-19 00:00:00.000;5942
10791;Frankenversand;United Package;1997-12-23 00:00:00.000;1998-01-20 00:00:00.000;5943
10792;Wolski  Zajazd;Federal Shipping;1997-12-23 00:00:00.000;1998-01-20 00:00:00.000;5944
10793;Around the Horn;Federal Shipping;1997-12-24 00:00:00.000;1998-01-21 00:00:00.000;5945
10794;Que Delícia;Speedy Express;1997-12-24 00:00:00.000;1998-01-21 00:00:00.000;5946
10795;Ernst Handel;United Package;1997-12-24 00:00:00.000;1998-01-21 00:00:00.000;5947
10796;HILARION-Abastos;Speedy Express;1997-12-25 00:00:00.000;1998-01-22 00:00:00.000;5948
10797;Drachenblut Delikatessen;United Package;1997-12-25 00:00:00.000;1998-01-22 00:00:00.000;5949
10798;Island Trading;Speedy Express;1997-12-26 00:00:00.000;1998-01-23 00:00:00.000;5950
10799;Königlich Essen;Federal Shipping;1997-12-26 00:00:00.000;1998-02-06 00:00:00.000;5951
10800;Seven Seas Imports;Federal Shipping;1997-12-26 00:00:00.000;1998-01-23 00:00:00.000;5952
10801;Bólido Comidas preparadas;United Package;1997-12-29 00:00:00.000;1998-01-26 00:00:00.000;5953
10802;Simons bistro;United Package;1997-12-29 00:00:00.000;1998-01-26 00:00:00.000;5954
10803;Wellington Importadora;Speedy Express;1997-12-30 00:00:00.000;1998-01-27 00:00:00.000;5955
10804;Seven Seas Imports;United Package;1997-12-30 00:00:00.000;1998-01-27 00:00:00.000;5956
10805;The Big Cheese;Federal Shipping;1997-12-30 00:00:00.000;1998-01-27 00:00:00.000;5957
10806;Victuailles en stock;United Package;1997-12-31 00:00:00.000;1998-01-28 00:00:00.000;5958
10807;Franchi S.p.A.;Speedy Express;1997-12-31 00:00:00.000;1998-01-28 00:00:00.000;5959
10808;Old World Delicatessen;Federal Shipping;1998-01-01 00:00:00.000;1998-01-29 00:00:00.000;5960
10809;Wellington Importadora;Speedy Express;1998-01-01 00:00:00.000;1998-01-29 00:00:00.000;5961
10810;Laughing Bacchus Wine Cellars;Federal Shipping;1998-01-01 00:00:00.000;1998-01-29 00:00:00.000;5962
10811;LINO-Delicateses;Speedy Express;1998-01-02 00:00:00.000;1998-01-30 00:00:00.000;5963
10812;Reggiani Caseifici;Speedy Express;1998-01-02 00:00:00.000;1998-01-30 00:00:00.000;5964
10813;Ricardo Adocicados;Speedy Express;1998-01-05 00:00:00.000;1998-02-02 00:00:00.000;5965
10814;Victuailles en stock;Federal Shipping;1998-01-05 00:00:00.000;1998-02-02 00:00:00.000;5966
10815;Save-a-lot Markets;Federal Shipping;1998-01-05 00:00:00.000;1998-02-02 00:00:00.000;5967
10816;Great Lakes Food Market;United Package;1998-01-06 00:00:00.000;1998-02-03 00:00:00.000;5968
10817;Königlich Essen;United Package;1998-01-06 00:00:00.000;1998-01-20 00:00:00.000;5969
10818;Magazzini Alimentari Riuniti;Federal Shipping;1998-01-07 00:00:00.000;1998-02-04 00:00:00.000;5970
10819;Cactus Comidas para llevar;Federal Shipping;1998-01-07 00:00:00.000;1998-02-04 00:00:00.000;5971
10820;Rattlesnake Canyon Grocery;United Package;1998-01-07 00:00:00.000;1998-02-04 00:00:00.000;5972
10821;Split Rail Beer & Ale;Speedy Express;1998-01-08 00:00:00.000;1998-02-05 00:00:00.000;5973
10822;Trail's Head Gourmet Provisioners;Federal Shipping;1998-01-08 00:00:00.000;1998-02-05 00:00:00.000;5974
10823;LILA-Supermercado;United Package;1998-01-09 00:00:00.000;1998-02-06 00:00:00.000;5975
10824;Folk och fä HB;Speedy Express;1998-01-09 00:00:00.000;1998-02-06 00:00:00.000;5976
10825;Drachenblut Delikatessen;Speedy Express;1998-01-09 00:00:00.000;1998-02-06 00:00:00.000;5977
10826;Blondesddsl pere et fils;Speedy Express;1998-01-12 00:00:00.000;1998-02-09 00:00:00.000;5978
10827;Bon app';United Package;1998-01-12 00:00:00.000;1998-01-26 00:00:00.000;5979
10828;Rancho grande;Speedy Express;1998-01-13 00:00:00.000;1998-01-27 00:00:00.000;5980
10829;Island Trading;Speedy Express;1998-01-13 00:00:00.000;1998-02-10 00:00:00.000;5981
10830;Tradiçao Hipermercados;United Package;1998-01-13 00:00:00.000;1998-02-24 00:00:00.000;5982
10831;Santé Gourmet;United Package;1998-01-14 00:00:00.000;1998-02-11 00:00:00.000;5983
10832;La maison d'Asie;United Package;1998-01-14 00:00:00.000;1998-02-11 00:00:00.000;5984
10833;Ottilies Käseladen;United Package;1998-01-15 00:00:00.000;1998-02-12 00:00:00.000;5985
10834;Tradiçao Hipermercados;Federal Shipping;1998-01-15 00:00:00.000;1998-02-12 00:00:00.000;5986
10835;Alfreds Futterkiste;Federal Shipping;1998-01-15 00:00:00.000;1998-02-12 00:00:00.000;5987
10836;Ernst Handel;Speedy Express;1998-01-16 00:00:00.000;1998-02-13 00:00:00.000;5988
10837;Berglunds snabbköp;Federal Shipping;1998-01-16 00:00:00.000;1998-02-13 00:00:00.000;5989
10838;LINO-Delicateses;Federal Shipping;1998-01-19 00:00:00.000;1998-02-16 00:00:00.000;5990
10839;Tradiçao Hipermercados;Federal Shipping;1998-01-19 00:00:00.000;1998-02-16 00:00:00.000;5991
10840;LINO-Delicateses;United Package;1998-01-19 00:00:00.000;1998-03-02 00:00:00.000;5992
10841;Supremes délices;United Package;1998-01-20 00:00:00.000;1998-02-17 00:00:00.000;5993
10842;Tortuga Restaurante;Federal Shipping;1998-01-20 00:00:00.000;1998-02-17 00:00:00.000;5994